,model,displacement,J,postprocessing applied,postprocessed run names
runJS0000000,Frenkel exciton dimer,"{'1': '0.4', '2': '0'}",-800,['trim'],['runJS0000000trim']
runJS0000001,Frenkel exciton dimer,"{'1': '0.4', '2': '0.1'}",-800,['trim'],['runJS0000001trim']
runJS0000002,Frenkel exciton dimer,"{'1': '0.4', '2': '0.2'}",-800,['trim'],['runJS0000002trim']
runJS0000003,Frenkel exciton dimer,"{'1': '0.4', '2': '0.3'}",-800,['trim'],['runJS0000003trim']
runJS0000004,Frenkel exciton dimer,"{'1': '0.4', '2': '0.4'}",-800,['trim'],['runJS0000004trim']
runJS0000005,Frenkel exciton dimer,"{'1': '0.5', '2': '0'}",-800,['trim'],['runJS0000005trim']
runJS0000006,Frenkel exciton dimer,"{'1': '0.5', '2': '0.1'}",-800,['trim'],['runJS0000006trim']
runJS0000007,Frenkel exciton dimer,"{'1': '0.5', '2': '0.2'}",-800,['trim'],['runJS0000007trim']
runJS0000008,Frenkel exciton dimer,"{'1': '0.5', '2': '0.3'}",-800,['trim'],['runJS0000008trim']
runJS0000009,Frenkel exciton dimer,"{'1': '0.5', '2': '0.4'}",-800,['trim'],['runJS0000009trim']
runJS0000010,Frenkel exciton dimer,"{'1': '0.6', '2': '0'}",-800,['trim'],['runJS0000010trim']
runJS0000011,Frenkel exciton dimer,"{'1': '0.6', '2': '0.1'}",-800,['trim'],['runJS0000011trim']
runJS0000012,Frenkel exciton dimer,"{'1': '0.6', '2': '0.2'}",-800,['trim'],['runJS0000012trim']
runJS0000013,Frenkel exciton dimer,"{'1': '0.6', '2': '0.3'}",-800,['trim'],['runJS0000013trim']
runJS0000014,Frenkel exciton dimer,"{'1': '0.6', '2': '0.4'}",-800,['trim'],['runJS0000014trim']
runJS0000015,Frenkel exciton dimer,"{'1': '0.7', '2': '0'}",-800,['trim'],['runJS0000015trim']
runJS0000016,Frenkel exciton dimer,"{'1': '0.7', '2': '0.1'}",-800,['trim'],['runJS0000016trim']
runJS0000017,Frenkel exciton dimer,"{'1': '0.7', '2': '0.2'}",-800,['trim'],['runJS0000017trim']
runJS0000018,Frenkel exciton dimer,"{'1': '0.7', '2': '0.3'}",-800,['trim'],['runJS0000018trim']
runJS0000019,Frenkel exciton dimer,"{'1': '0.7', '2': '0.4'}",-800,['trim'],['runJS0000019trim']
runJS0000020,Frenkel exciton dimer,"{'1': '0.4', '2': '0'}",-700,['trim'],['runJS0000020trim']
runJS0000021,Frenkel exciton dimer,"{'1': '0.4', '2': '0.1'}",-700,['trim'],['runJS0000021trim']
runJS0000022,Frenkel exciton dimer,"{'1': '0.4', '2': '0.2'}",-700,['trim'],['runJS0000022trim']
runJS0000023,Frenkel exciton dimer,"{'1': '0.4', '2': '0.3'}",-700,['trim'],['runJS0000023trim']
runJS0000024,Frenkel exciton dimer,"{'1': '0.4', '2': '0.4'}",-700,['trim'],['runJS0000024trim']
runJS0000025,Frenkel exciton dimer,"{'1': '0.5', '2': '0'}",-700,['trim'],['runJS0000025trim']
runJS0000026,Frenkel exciton dimer,"{'1': '0.5', '2': '0.1'}",-700,['trim'],['runJS0000026trim']
runJS0000027,Frenkel exciton dimer,"{'1': '0.5', '2': '0.2'}",-700,['trim'],['runJS0000027trim']
runJS0000028,Frenkel exciton dimer,"{'1': '0.5', '2': '0.3'}",-700,['trim'],['runJS0000028trim']
runJS0000029,Frenkel exciton dimer,"{'1': '0.5', '2': '0.4'}",-700,['trim'],['runJS0000029trim']
runJS0000030,Frenkel exciton dimer,"{'1': '0.6', '2': '0'}",-700,['trim'],['runJS0000030trim']
runJS0000031,Frenkel exciton dimer,"{'1': '0.6', '2': '0.1'}",-700,['trim'],['runJS0000031trim']
runJS0000032,Frenkel exciton dimer,"{'1': '0.6', '2': '0.2'}",-700,['trim'],['runJS0000032trim']
runJS0000033,Frenkel exciton dimer,"{'1': '0.6', '2': '0.3'}",-700,['trim'],['runJS0000033trim']
runJS0000034,Frenkel exciton dimer,"{'1': '0.6', '2': '0.4'}",-700,['trim'],['runJS0000034trim']
runJS0000035,Frenkel exciton dimer,"{'1': '0.7', '2': '0'}",-700,['trim'],['runJS0000035trim']
runJS0000036,Frenkel exciton dimer,"{'1': '0.7', '2': '0.1'}",-700,['trim'],['runJS0000036trim']
runJS0000037,Frenkel exciton dimer,"{'1': '0.7', '2': '0.2'}",-700,['trim'],['runJS0000037trim']
runJS0000038,Frenkel exciton dimer,"{'1': '0.7', '2': '0.3'}",-700,['trim'],['runJS0000038trim']
runJS0000039,Frenkel exciton dimer,"{'1': '0.7', '2': '0.4'}",-700,['trim'],['runJS0000039trim']
runJS0000040,Frenkel exciton dimer,"{'1': '0.4', '2': '0'}",-600,['trim'],['runJS0000040trim']
runJS0000041,Frenkel exciton dimer,"{'1': '0.4', '2': '0.1'}",-600,['trim'],['runJS0000041trim']
runJS0000042,Frenkel exciton dimer,"{'1': '0.4', '2': '0.2'}",-600,['trim'],['runJS0000042trim']
runJS0000043,Frenkel exciton dimer,"{'1': '0.4', '2': '0.3'}",-600,['trim'],['runJS0000043trim']
runJS0000044,Frenkel exciton dimer,"{'1': '0.4', '2': '0.4'}",-600,['trim'],['runJS0000044trim']
runJS0000045,Frenkel exciton dimer,"{'1': '0.5', '2': '0'}",-600,['trim'],['runJS0000045trim']
runJS0000046,Frenkel exciton dimer,"{'1': '0.5', '2': '0.1'}",-600,['trim'],['runJS0000046trim']
runJS0000047,Frenkel exciton dimer,"{'1': '0.5', '2': '0.2'}",-600,['trim'],['runJS0000047trim']
runJS0000048,Frenkel exciton dimer,"{'1': '0.5', '2': '0.3'}",-600,['trim'],['runJS0000048trim']
runJS0000049,Frenkel exciton dimer,"{'1': '0.5', '2': '0.4'}",-600,['trim'],['runJS0000049trim']
runJS0000050,Frenkel exciton dimer,"{'1': '0.6', '2': '0'}",-600,['trim'],['runJS0000050trim']
runJS0000051,Frenkel exciton dimer,"{'1': '0.6', '2': '0.1'}",-600,['trim'],['runJS0000051trim']
runJS0000052,Frenkel exciton dimer,"{'1': '0.6', '2': '0.2'}",-600,['trim'],['runJS0000052trim']
runJS0000053,Frenkel exciton dimer,"{'1': '0.6', '2': '0.3'}",-600,['trim'],['runJS0000053trim']
runJS0000054,Frenkel exciton dimer,"{'1': '0.6', '2': '0.4'}",-600,['trim'],['runJS0000054trim']
runJS0000055,Frenkel exciton dimer,"{'1': '0.7', '2': '0'}",-600,['trim'],['runJS0000055trim']
runJS0000056,Frenkel exciton dimer,"{'1': '0.7', '2': '0.1'}",-600,['trim'],['runJS0000056trim']
runJS0000057,Frenkel exciton dimer,"{'1': '0.7', '2': '0.2'}",-600,['trim'],['runJS0000057trim']
runJS0000058,Frenkel exciton dimer,"{'1': '0.7', '2': '0.3'}",-600,['trim'],['runJS0000058trim']
runJS0000059,Frenkel exciton dimer,"{'1': '0.7', '2': '0.4'}",-600,['trim'],['runJS0000059trim']
runJS0000060,Frenkel exciton dimer,"{'1': '0.4', '2': '0'}",-500,['trim'],['runJS0000060trim']
runJS0000061,Frenkel exciton dimer,"{'1': '0.4', '2': '0.1'}",-500,['trim'],['runJS0000061trim']
runJS0000062,Frenkel exciton dimer,"{'1': '0.4', '2': '0.2'}",-500,['trim'],['runJS0000062trim']
runJS0000063,Frenkel exciton dimer,"{'1': '0.4', '2': '0.3'}",-500,['trim'],['runJS0000063trim']
runJS0000064,Frenkel exciton dimer,"{'1': '0.4', '2': '0.4'}",-500,['trim'],['runJS0000064trim']
runJS0000065,Frenkel exciton dimer,"{'1': '0.5', '2': '0'}",-500,['trim'],['runJS0000065trim']
runJS0000066,Frenkel exciton dimer,"{'1': '0.5', '2': '0.1'}",-500,['trim'],['runJS0000066trim']
runJS0000067,Frenkel exciton dimer,"{'1': '0.5', '2': '0.2'}",-500,['trim'],['runJS0000067trim']
runJS0000068,Frenkel exciton dimer,"{'1': '0.5', '2': '0.3'}",-500,['trim'],['runJS0000068trim']
runJS0000069,Frenkel exciton dimer,"{'1': '0.5', '2': '0.4'}",-500,['trim'],['runJS0000069trim']
runJS0000070,Frenkel exciton dimer,"{'1': '0.6', '2': '0'}",-500,['trim'],['runJS0000070trim']
runJS0000071,Frenkel exciton dimer,"{'1': '0.6', '2': '0.1'}",-500,['trim'],['runJS0000071trim']
runJS0000072,Frenkel exciton dimer,"{'1': '0.6', '2': '0.2'}",-500,['trim'],['runJS0000072trim']
runJS0000073,Frenkel exciton dimer,"{'1': '0.6', '2': '0.3'}",-500,['trim'],['runJS0000073trim']
runJS0000074,Frenkel exciton dimer,"{'1': '0.6', '2': '0.4'}",-500,['trim'],['runJS0000074trim']
runJS0000075,Frenkel exciton dimer,"{'1': '0.7', '2': '0'}",-500,['trim'],['runJS0000075trim']
runJS0000076,Frenkel exciton dimer,"{'1': '0.7', '2': '0.1'}",-500,['trim'],['runJS0000076trim']
runJS0000077,Frenkel exciton dimer,"{'1': '0.7', '2': '0.2'}",-500,['trim'],['runJS0000077trim']
runJS0000078,Frenkel exciton dimer,"{'1': '0.7', '2': '0.3'}",-500,['trim'],['runJS0000078trim']
runJS0000079,Frenkel exciton dimer,"{'1': '0.7', '2': '0.4'}",-500,['trim'],['runJS0000079trim']
runJS0000080,Frenkel exciton dimer,"{'1': '0.4', '2': '0'}",-400,['trim'],['runJS0000080trim']
runJS0000081,Frenkel exciton dimer,"{'1': '0.4', '2': '0.1'}",-400,['trim'],['runJS0000081trim']
runJS0000082,Frenkel exciton dimer,"{'1': '0.4', '2': '0.2'}",-400,['trim'],['runJS0000082trim']
runJS0000083,Frenkel exciton dimer,"{'1': '0.4', '2': '0.3'}",-400,['trim'],['runJS0000083trim']
runJS0000084,Frenkel exciton dimer,"{'1': '0.4', '2': '0.4'}",-400,['trim'],['runJS0000084trim']
runJS0000085,Frenkel exciton dimer,"{'1': '0.5', '2': '0'}",-400,['trim'],['runJS0000085trim']
runJS0000086,Frenkel exciton dimer,"{'1': '0.5', '2': '0.1'}",-400,['trim'],['runJS0000086trim']
runJS0000087,Frenkel exciton dimer,"{'1': '0.5', '2': '0.2'}",-400,['trim'],['runJS0000087trim']
runJS0000088,Frenkel exciton dimer,"{'1': '0.5', '2': '0.3'}",-400,['trim'],['runJS0000088trim']
runJS0000089,Frenkel exciton dimer,"{'1': '0.5', '2': '0.4'}",-400,['trim'],['runJS0000089trim']
runJS0000090,Frenkel exciton dimer,"{'1': '0.6', '2': '0'}",-400,['trim'],['runJS0000090trim']
runJS0000091,Frenkel exciton dimer,"{'1': '0.6', '2': '0.1'}",-400,['trim'],['runJS0000091trim']
runJS0000092,Frenkel exciton dimer,"{'1': '0.6', '2': '0.2'}",-400,['trim'],['runJS0000092trim']
runJS0000093,Frenkel exciton dimer,"{'1': '0.6', '2': '0.3'}",-400,['trim'],['runJS0000093trim']
runJS0000094,Frenkel exciton dimer,"{'1': '0.6', '2': '0.4'}",-400,['trim'],['runJS0000094trim']
runJS0000095,Frenkel exciton dimer,"{'1': '0.7', '2': '0'}",-400,['trim'],['runJS0000095trim']
runJS0000096,Frenkel exciton dimer,"{'1': '0.7', '2': '0.1'}",-400,['trim'],['runJS0000096trim']
runJS0000097,Frenkel exciton dimer,"{'1': '0.7', '2': '0.2'}",-400,['trim'],['runJS0000097trim']
runJS0000098,Frenkel exciton dimer,"{'1': '0.7', '2': '0.3'}",-400,['trim'],['runJS0000098trim']
runJS0000099,Frenkel exciton dimer,"{'1': '0.7', '2': '0.4'}",-400,['trim'],['runJS0000099trim']
runJS0000100,Frenkel exciton dimer,"{'1': '0.4', '2': '0'}",-300,['trim'],['runJS0000100trim']
runJS0000101,Frenkel exciton dimer,"{'1': '0.4', '2': '0.1'}",-300,['trim'],['runJS0000101trim']
runJS0000102,Frenkel exciton dimer,"{'1': '0.4', '2': '0.2'}",-300,['trim'],['runJS0000102trim']
runJS0000103,Frenkel exciton dimer,"{'1': '0.4', '2': '0.3'}",-300,['trim'],['runJS0000103trim']
runJS0000104,Frenkel exciton dimer,"{'1': '0.4', '2': '0.4'}",-300,['trim'],['runJS0000104trim']
runJS0000105,Frenkel exciton dimer,"{'1': '0.5', '2': '0'}",-300,['trim'],['runJS0000105trim']
runJS0000106,Frenkel exciton dimer,"{'1': '0.5', '2': '0.1'}",-300,['trim'],['runJS0000106trim']
runJS0000107,Frenkel exciton dimer,"{'1': '0.5', '2': '0.2'}",-300,['trim'],['runJS0000107trim']
runJS0000108,Frenkel exciton dimer,"{'1': '0.5', '2': '0.3'}",-300,['trim'],['runJS0000108trim']
runJS0000109,Frenkel exciton dimer,"{'1': '0.5', '2': '0.4'}",-300,['trim'],['runJS0000109trim']
runJS0000110,Frenkel exciton dimer,"{'1': '0.6', '2': '0'}",-300,['trim'],['runJS0000110trim']
runJS0000111,Frenkel exciton dimer,"{'1': '0.6', '2': '0.1'}",-300,['trim'],['runJS0000111trim']
runJS0000112,Frenkel exciton dimer,"{'1': '0.6', '2': '0.2'}",-300,['trim'],['runJS0000112trim']
runJS0000113,Frenkel exciton dimer,"{'1': '0.6', '2': '0.3'}",-300,['trim'],['runJS0000113trim']
runJS0000114,Frenkel exciton dimer,"{'1': '0.6', '2': '0.4'}",-300,['trim'],['runJS0000114trim']
runJS0000115,Frenkel exciton dimer,"{'1': '0.7', '2': '0'}",-300,['trim'],['runJS0000115trim']
runJS0000116,Frenkel exciton dimer,"{'1': '0.7', '2': '0.1'}",-300,['trim'],['runJS0000116trim']
runJS0000117,Frenkel exciton dimer,"{'1': '0.7', '2': '0.2'}",-300,['trim'],['runJS0000117trim']
runJS0000118,Frenkel exciton dimer,"{'1': '0.7', '2': '0.3'}",-300,['trim'],['runJS0000118trim']
runJS0000119,Frenkel exciton dimer,"{'1': '0.7', '2': '0.4'}",-300,['trim'],['runJS0000119trim']
runJS0000120,Frenkel exciton dimer,"{'1': '0.4', '2': '0'}",-200,['trim'],['runJS0000120trim']
runJS0000121,Frenkel exciton dimer,"{'1': '0.4', '2': '0.1'}",-200,['trim'],['runJS0000121trim']
runJS0000122,Frenkel exciton dimer,"{'1': '0.4', '2': '0.2'}",-200,['trim'],['runJS0000122trim']
runJS0000123,Frenkel exciton dimer,"{'1': '0.4', '2': '0.3'}",-200,['trim'],['runJS0000123trim']
runJS0000124,Frenkel exciton dimer,"{'1': '0.4', '2': '0.4'}",-200,['trim'],['runJS0000124trim']
runJS0000125,Frenkel exciton dimer,"{'1': '0.5', '2': '0'}",-200,['trim'],['runJS0000125trim']
runJS0000126,Frenkel exciton dimer,"{'1': '0.5', '2': '0.1'}",-200,['trim'],['runJS0000126trim']
runJS0000127,Frenkel exciton dimer,"{'1': '0.5', '2': '0.2'}",-200,['trim'],['runJS0000127trim']
runJS0000128,Frenkel exciton dimer,"{'1': '0.5', '2': '0.3'}",-200,['trim'],['runJS0000128trim']
runJS0000129,Frenkel exciton dimer,"{'1': '0.5', '2': '0.4'}",-200,['trim'],['runJS0000129trim']
runJS0000130,Frenkel exciton dimer,"{'1': '0.6', '2': '0'}",-200,['trim'],['runJS0000130trim']
runJS0000131,Frenkel exciton dimer,"{'1': '0.6', '2': '0.1'}",-200,['trim'],['runJS0000131trim']
runJS0000132,Frenkel exciton dimer,"{'1': '0.6', '2': '0.2'}",-200,['trim'],['runJS0000132trim']
runJS0000133,Frenkel exciton dimer,"{'1': '0.6', '2': '0.3'}",-200,['trim'],['runJS0000133trim']
runJS0000134,Frenkel exciton dimer,"{'1': '0.6', '2': '0.4'}",-200,['trim'],['runJS0000134trim']
runJS0000135,Frenkel exciton dimer,"{'1': '0.7', '2': '0'}",-200,['trim'],['runJS0000135trim']
runJS0000136,Frenkel exciton dimer,"{'1': '0.7', '2': '0.1'}",-200,['trim'],['runJS0000136trim']
runJS0000137,Frenkel exciton dimer,"{'1': '0.7', '2': '0.2'}",-200,['trim'],['runJS0000137trim']
runJS0000138,Frenkel exciton dimer,"{'1': '0.7', '2': '0.3'}",-200,['trim'],['runJS0000138trim']
runJS0000139,Frenkel exciton dimer,"{'1': '0.7', '2': '0.4'}",-200,['trim'],['runJS0000139trim']
runJS0000140,Frenkel exciton dimer,"{'1': '0.4', '2': '0'}",-100,['trim'],['runJS0000140trim']
runJS0000141,Frenkel exciton dimer,"{'1': '0.4', '2': '0.1'}",-100,['trim'],['runJS0000141trim']
runJS0000142,Frenkel exciton dimer,"{'1': '0.4', '2': '0.2'}",-100,['trim'],['runJS0000142trim']
runJS0000143,Frenkel exciton dimer,"{'1': '0.4', '2': '0.3'}",-100,['trim'],['runJS0000143trim']
runJS0000144,Frenkel exciton dimer,"{'1': '0.4', '2': '0.4'}",-100,['trim'],['runJS0000144trim']
runJS0000145,Frenkel exciton dimer,"{'1': '0.5', '2': '0'}",-100,['trim'],['runJS0000145trim']
runJS0000146,Frenkel exciton dimer,"{'1': '0.5', '2': '0.1'}",-100,['trim'],['runJS0000146trim']
runJS0000147,Frenkel exciton dimer,"{'1': '0.5', '2': '0.2'}",-100,['trim'],['runJS0000147trim']
runJS0000148,Frenkel exciton dimer,"{'1': '0.5', '2': '0.3'}",-100,['trim'],['runJS0000148trim']
runJS0000149,Frenkel exciton dimer,"{'1': '0.5', '2': '0.4'}",-100,['trim'],['runJS0000149trim']
runJS0000150,Frenkel exciton dimer,"{'1': '0.6', '2': '0'}",-100,['trim'],['runJS0000150trim']
runJS0000151,Frenkel exciton dimer,"{'1': '0.6', '2': '0.1'}",-100,['trim'],['runJS0000151trim']
runJS0000152,Frenkel exciton dimer,"{'1': '0.6', '2': '0.2'}",-100,['trim'],['runJS0000152trim']
runJS0000153,Frenkel exciton dimer,"{'1': '0.6', '2': '0.3'}",-100,['trim'],['runJS0000153trim']
runJS0000154,Frenkel exciton dimer,"{'1': '0.6', '2': '0.4'}",-100,['trim'],['runJS0000154trim']
runJS0000155,Frenkel exciton dimer,"{'1': '0.7', '2': '0'}",-100,['trim'],['runJS0000155trim']
runJS0000156,Frenkel exciton dimer,"{'1': '0.7', '2': '0.1'}",-100,['trim'],['runJS0000156trim']
runJS0000157,Frenkel exciton dimer,"{'1': '0.7', '2': '0.2'}",-100,['trim'],['runJS0000157trim']
runJS0000158,Frenkel exciton dimer,"{'1': '0.7', '2': '0.3'}",-100,['trim'],['runJS0000158trim']
runJS0000159,Frenkel exciton dimer,"{'1': '0.7', '2': '0.4'}",-100,['trim'],['runJS0000159trim']
runJS0000160,Frenkel exciton dimer,"{'1': '0.4', '2': '0'}",0,['trim'],['runJS0000160trim']
runJS0000161,Frenkel exciton dimer,"{'1': '0.4', '2': '0.1'}",0,['trim'],['runJS0000161trim']
runJS0000162,Frenkel exciton dimer,"{'1': '0.4', '2': '0.2'}",0,['trim'],['runJS0000162trim']
runJS0000163,Frenkel exciton dimer,"{'1': '0.4', '2': '0.3'}",0,['trim'],['runJS0000163trim']
runJS0000164,Frenkel exciton dimer,"{'1': '0.4', '2': '0.4'}",0,['trim'],['runJS0000164trim']
runJS0000165,Frenkel exciton dimer,"{'1': '0.5', '2': '0'}",0,['trim'],['runJS0000165trim']
runJS0000166,Frenkel exciton dimer,"{'1': '0.5', '2': '0.1'}",0,['trim'],['runJS0000166trim']
runJS0000167,Frenkel exciton dimer,"{'1': '0.5', '2': '0.2'}",0,['trim'],['runJS0000167trim']
runJS0000168,Frenkel exciton dimer,"{'1': '0.5', '2': '0.3'}",0,['trim'],['runJS0000168trim']
runJS0000169,Frenkel exciton dimer,"{'1': '0.5', '2': '0.4'}",0,['trim'],['runJS0000169trim']
runJS0000170,Frenkel exciton dimer,"{'1': '0.6', '2': '0'}",0,['trim'],['runJS0000170trim']
runJS0000171,Frenkel exciton dimer,"{'1': '0.6', '2': '0.1'}",0,['trim'],['runJS0000171trim']
runJS0000172,Frenkel exciton dimer,"{'1': '0.6', '2': '0.2'}",0,['trim'],['runJS0000172trim']
runJS0000173,Frenkel exciton dimer,"{'1': '0.6', '2': '0.3'}",0,['trim'],['runJS0000173trim']
runJS0000174,Frenkel exciton dimer,"{'1': '0.6', '2': '0.4'}",0,['trim'],['runJS0000174trim']
runJS0000175,Frenkel exciton dimer,"{'1': '0.7', '2': '0'}",0,['trim'],['runJS0000175trim']
runJS0000176,Frenkel exciton dimer,"{'1': '0.7', '2': '0.1'}",0,['trim'],['runJS0000176trim']
runJS0000177,Frenkel exciton dimer,"{'1': '0.7', '2': '0.2'}",0,['trim'],['runJS0000177trim']
runJS0000178,Frenkel exciton dimer,"{'1': '0.7', '2': '0.3'}",0,['trim'],['runJS0000178trim']
runJS0000179,Frenkel exciton dimer,"{'1': '0.7', '2': '0.4'}",0,['trim'],['runJS0000179trim']
runJS0000180,Frenkel exciton dimer,"{'1': '0.4', '2': '0'}",100,['trim'],['runJS0000180trim']
runJS0000181,Frenkel exciton dimer,"{'1': '0.4', '2': '0.1'}",100,['trim'],['runJS0000181trim']
runJS0000182,Frenkel exciton dimer,"{'1': '0.4', '2': '0.2'}",100,['trim'],['runJS0000182trim']
runJS0000183,Frenkel exciton dimer,"{'1': '0.4', '2': '0.3'}",100,['trim'],['runJS0000183trim']
runJS0000184,Frenkel exciton dimer,"{'1': '0.4', '2': '0.4'}",100,['trim'],['runJS0000184trim']
runJS0000185,Frenkel exciton dimer,"{'1': '0.5', '2': '0'}",100,['trim'],['runJS0000185trim']
runJS0000186,Frenkel exciton dimer,"{'1': '0.5', '2': '0.1'}",100,['trim'],['runJS0000186trim']
runJS0000187,Frenkel exciton dimer,"{'1': '0.5', '2': '0.2'}",100,['trim'],['runJS0000187trim']
runJS0000188,Frenkel exciton dimer,"{'1': '0.5', '2': '0.3'}",100,['trim'],['runJS0000188trim']
runJS0000189,Frenkel exciton dimer,"{'1': '0.5', '2': '0.4'}",100,['trim'],['runJS0000189trim']
runJS0000190,Frenkel exciton dimer,"{'1': '0.6', '2': '0'}",100,['trim'],['runJS0000190trim']
runJS0000191,Frenkel exciton dimer,"{'1': '0.6', '2': '0.1'}",100,['trim'],['runJS0000191trim']
runJS0000192,Frenkel exciton dimer,"{'1': '0.6', '2': '0.2'}",100,['trim'],['runJS0000192trim']
runJS0000193,Frenkel exciton dimer,"{'1': '0.6', '2': '0.3'}",100,['trim'],['runJS0000193trim']
runJS0000194,Frenkel exciton dimer,"{'1': '0.6', '2': '0.4'}",100,['trim'],['runJS0000194trim']
runJS0000195,Frenkel exciton dimer,"{'1': '0.7', '2': '0'}",100,['trim'],['runJS0000195trim']
runJS0000196,Frenkel exciton dimer,"{'1': '0.7', '2': '0.1'}",100,['trim'],['runJS0000196trim']
runJS0000197,Frenkel exciton dimer,"{'1': '0.7', '2': '0.2'}",100,['trim'],['runJS0000197trim']
runJS0000198,Frenkel exciton dimer,"{'1': '0.7', '2': '0.3'}",100,['trim'],['runJS0000198trim']
runJS0000199,Frenkel exciton dimer,"{'1': '0.7', '2': '0.4'}",100,['trim'],['runJS0000199trim']
runJS0000200,Frenkel exciton dimer,"{'1': '0.4', '2': '0'}",200,['trim'],['runJS0000200trim']
runJS0000201,Frenkel exciton dimer,"{'1': '0.4', '2': '0.1'}",200,['trim'],['runJS0000201trim']
runJS0000202,Frenkel exciton dimer,"{'1': '0.4', '2': '0.2'}",200,['trim'],['runJS0000202trim']
runJS0000203,Frenkel exciton dimer,"{'1': '0.4', '2': '0.3'}",200,['trim'],['runJS0000203trim']
runJS0000204,Frenkel exciton dimer,"{'1': '0.4', '2': '0.4'}",200,['trim'],['runJS0000204trim']
runJS0000205,Frenkel exciton dimer,"{'1': '0.5', '2': '0'}",200,['trim'],['runJS0000205trim']
runJS0000206,Frenkel exciton dimer,"{'1': '0.5', '2': '0.1'}",200,['trim'],['runJS0000206trim']
runJS0000207,Frenkel exciton dimer,"{'1': '0.5', '2': '0.2'}",200,['trim'],['runJS0000207trim']
runJS0000208,Frenkel exciton dimer,"{'1': '0.5', '2': '0.3'}",200,['trim'],['runJS0000208trim']
runJS0000209,Frenkel exciton dimer,"{'1': '0.5', '2': '0.4'}",200,['trim'],['runJS0000209trim']
runJS0000210,Frenkel exciton dimer,"{'1': '0.6', '2': '0'}",200,['trim'],['runJS0000210trim']
runJS0000211,Frenkel exciton dimer,"{'1': '0.6', '2': '0.1'}",200,['trim'],['runJS0000211trim']
runJS0000212,Frenkel exciton dimer,"{'1': '0.6', '2': '0.2'}",200,['trim'],['runJS0000212trim']
runJS0000213,Frenkel exciton dimer,"{'1': '0.6', '2': '0.3'}",200,['trim'],['runJS0000213trim']
runJS0000214,Frenkel exciton dimer,"{'1': '0.6', '2': '0.4'}",200,['trim'],['runJS0000214trim']
runJS0000215,Frenkel exciton dimer,"{'1': '0.7', '2': '0'}",200,['trim'],['runJS0000215trim']
runJS0000216,Frenkel exciton dimer,"{'1': '0.7', '2': '0.1'}",200,['trim'],['runJS0000216trim']
runJS0000217,Frenkel exciton dimer,"{'1': '0.7', '2': '0.2'}",200,['trim'],['runJS0000217trim']
runJS0000218,Frenkel exciton dimer,"{'1': '0.7', '2': '0.3'}",200,['trim'],['runJS0000218trim']
runJS0000219,Frenkel exciton dimer,"{'1': '0.7', '2': '0.4'}",200,['trim'],['runJS0000219trim']
runJS0000220,Frenkel exciton dimer,"{'1': '0.4', '2': '0'}",300,['trim'],['runJS0000220trim']
runJS0000221,Frenkel exciton dimer,"{'1': '0.4', '2': '0.1'}",300,['trim'],['runJS0000221trim']
runJS0000222,Frenkel exciton dimer,"{'1': '0.4', '2': '0.2'}",300,['trim'],['runJS0000222trim']
runJS0000223,Frenkel exciton dimer,"{'1': '0.4', '2': '0.3'}",300,['trim'],['runJS0000223trim']
runJS0000224,Frenkel exciton dimer,"{'1': '0.4', '2': '0.4'}",300,['trim'],['runJS0000224trim']
runJS0000225,Frenkel exciton dimer,"{'1': '0.5', '2': '0'}",300,['trim'],['runJS0000225trim']
runJS0000226,Frenkel exciton dimer,"{'1': '0.5', '2': '0.1'}",300,['trim'],['runJS0000226trim']
runJS0000227,Frenkel exciton dimer,"{'1': '0.5', '2': '0.2'}",300,['trim'],['runJS0000227trim']
runJS0000228,Frenkel exciton dimer,"{'1': '0.5', '2': '0.3'}",300,['trim'],['runJS0000228trim']
runJS0000229,Frenkel exciton dimer,"{'1': '0.5', '2': '0.4'}",300,['trim'],['runJS0000229trim']
runJS0000230,Frenkel exciton dimer,"{'1': '0.6', '2': '0'}",300,['trim'],['runJS0000230trim']
runJS0000231,Frenkel exciton dimer,"{'1': '0.6', '2': '0.1'}",300,['trim'],['runJS0000231trim']
runJS0000232,Frenkel exciton dimer,"{'1': '0.6', '2': '0.2'}",300,['trim'],['runJS0000232trim']
runJS0000233,Frenkel exciton dimer,"{'1': '0.6', '2': '0.3'}",300,['trim'],['runJS0000233trim']
runJS0000234,Frenkel exciton dimer,"{'1': '0.6', '2': '0.4'}",300,['trim'],['runJS0000234trim']
runJS0000235,Frenkel exciton dimer,"{'1': '0.7', '2': '0'}",300,['trim'],['runJS0000235trim']
runJS0000236,Frenkel exciton dimer,"{'1': '0.7', '2': '0.1'}",300,['trim'],['runJS0000236trim']
runJS0000237,Frenkel exciton dimer,"{'1': '0.7', '2': '0.2'}",300,['trim'],['runJS0000237trim']
runJS0000238,Frenkel exciton dimer,"{'1': '0.7', '2': '0.3'}",300,['trim'],['runJS0000238trim']
runJS0000239,Frenkel exciton dimer,"{'1': '0.7', '2': '0.4'}",300,['trim'],['runJS0000239trim']
runJS0000240,Frenkel exciton dimer,"{'1': '0.4', '2': '0'}",400,['trim'],['runJS0000240trim']
runJS0000241,Frenkel exciton dimer,"{'1': '0.4', '2': '0.1'}",400,['trim'],['runJS0000241trim']
runJS0000242,Frenkel exciton dimer,"{'1': '0.4', '2': '0.2'}",400,['trim'],['runJS0000242trim']
runJS0000243,Frenkel exciton dimer,"{'1': '0.4', '2': '0.3'}",400,['trim'],['runJS0000243trim']
runJS0000244,Frenkel exciton dimer,"{'1': '0.4', '2': '0.4'}",400,['trim'],['runJS0000244trim']
runJS0000245,Frenkel exciton dimer,"{'1': '0.5', '2': '0'}",400,['trim'],['runJS0000245trim']
runJS0000246,Frenkel exciton dimer,"{'1': '0.5', '2': '0.1'}",400,['trim'],['runJS0000246trim']
runJS0000247,Frenkel exciton dimer,"{'1': '0.5', '2': '0.2'}",400,['trim'],['runJS0000247trim']
runJS0000248,Frenkel exciton dimer,"{'1': '0.5', '2': '0.3'}",400,['trim'],['runJS0000248trim']
runJS0000249,Frenkel exciton dimer,"{'1': '0.5', '2': '0.4'}",400,['trim'],['runJS0000249trim']
runJS0000250,Frenkel exciton dimer,"{'1': '0.6', '2': '0'}",400,['trim'],['runJS0000250trim']
runJS0000251,Frenkel exciton dimer,"{'1': '0.6', '2': '0.1'}",400,['trim'],['runJS0000251trim']
runJS0000252,Frenkel exciton dimer,"{'1': '0.6', '2': '0.2'}",400,['trim'],['runJS0000252trim']
runJS0000253,Frenkel exciton dimer,"{'1': '0.6', '2': '0.3'}",400,['trim'],['runJS0000253trim']
runJS0000254,Frenkel exciton dimer,"{'1': '0.6', '2': '0.4'}",400,['trim'],['runJS0000254trim']
runJS0000255,Frenkel exciton dimer,"{'1': '0.7', '2': '0'}",400,['trim'],['runJS0000255trim']
runJS0000256,Frenkel exciton dimer,"{'1': '0.7', '2': '0.1'}",400,['trim'],['runJS0000256trim']
runJS0000257,Frenkel exciton dimer,"{'1': '0.7', '2': '0.2'}",400,['trim'],['runJS0000257trim']
runJS0000258,Frenkel exciton dimer,"{'1': '0.7', '2': '0.3'}",400,['trim'],['runJS0000258trim']
runJS0000259,Frenkel exciton dimer,"{'1': '0.7', '2': '0.4'}",400,['trim'],['runJS0000259trim']
runJS0000260,Frenkel exciton dimer,"{'1': '0.4', '2': '0'}",500,['trim'],['runJS0000260trim']
runJS0000261,Frenkel exciton dimer,"{'1': '0.4', '2': '0.1'}",500,['trim'],['runJS0000261trim']
runJS0000262,Frenkel exciton dimer,"{'1': '0.4', '2': '0.2'}",500,['trim'],['runJS0000262trim']
runJS0000263,Frenkel exciton dimer,"{'1': '0.4', '2': '0.3'}",500,['trim'],['runJS0000263trim']
runJS0000264,Frenkel exciton dimer,"{'1': '0.4', '2': '0.4'}",500,['trim'],['runJS0000264trim']
runJS0000265,Frenkel exciton dimer,"{'1': '0.5', '2': '0'}",500,['trim'],['runJS0000265trim']
runJS0000266,Frenkel exciton dimer,"{'1': '0.5', '2': '0.1'}",500,['trim'],['runJS0000266trim']
runJS0000267,Frenkel exciton dimer,"{'1': '0.5', '2': '0.2'}",500,['trim'],['runJS0000267trim']
runJS0000268,Frenkel exciton dimer,"{'1': '0.5', '2': '0.3'}",500,['trim'],['runJS0000268trim']
runJS0000269,Frenkel exciton dimer,"{'1': '0.5', '2': '0.4'}",500,['trim'],['runJS0000269trim']
runJS0000270,Frenkel exciton dimer,"{'1': '0.6', '2': '0'}",500,['trim'],['runJS0000270trim']
runJS0000271,Frenkel exciton dimer,"{'1': '0.6', '2': '0.1'}",500,['trim'],['runJS0000271trim']
runJS0000272,Frenkel exciton dimer,"{'1': '0.6', '2': '0.2'}",500,['trim'],['runJS0000272trim']
runJS0000273,Frenkel exciton dimer,"{'1': '0.6', '2': '0.3'}",500,['trim'],['runJS0000273trim']
runJS0000274,Frenkel exciton dimer,"{'1': '0.6', '2': '0.4'}",500,['trim'],['runJS0000274trim']
runJS0000275,Frenkel exciton dimer,"{'1': '0.7', '2': '0'}",500,['trim'],['runJS0000275trim']
runJS0000276,Frenkel exciton dimer,"{'1': '0.7', '2': '0.1'}",500,['trim'],['runJS0000276trim']
runJS0000277,Frenkel exciton dimer,"{'1': '0.7', '2': '0.2'}",500,['trim'],['runJS0000277trim']
runJS0000278,Frenkel exciton dimer,"{'1': '0.7', '2': '0.3'}",500,['trim'],['runJS0000278trim']
runJS0000279,Frenkel exciton dimer,"{'1': '0.7', '2': '0.4'}",500,['trim'],['runJS0000279trim']
runJS0000280,Frenkel exciton dimer,"{'1': '0.4', '2': '0'}",600,['trim'],['runJS0000280trim']
runJS0000281,Frenkel exciton dimer,"{'1': '0.4', '2': '0.1'}",600,['trim'],['runJS0000281trim']
runJS0000282,Frenkel exciton dimer,"{'1': '0.4', '2': '0.2'}",600,['trim'],['runJS0000282trim']
runJS0000283,Frenkel exciton dimer,"{'1': '0.4', '2': '0.3'}",600,['trim'],['runJS0000283trim']
runJS0000284,Frenkel exciton dimer,"{'1': '0.4', '2': '0.4'}",600,['trim'],['runJS0000284trim']
runJS0000285,Frenkel exciton dimer,"{'1': '0.5', '2': '0'}",600,['trim'],['runJS0000285trim']
runJS0000286,Frenkel exciton dimer,"{'1': '0.5', '2': '0.1'}",600,['trim'],['runJS0000286trim']
runJS0000287,Frenkel exciton dimer,"{'1': '0.5', '2': '0.2'}",600,['trim'],['runJS0000287trim']
runJS0000288,Frenkel exciton dimer,"{'1': '0.5', '2': '0.3'}",600,['trim'],['runJS0000288trim']
runJS0000289,Frenkel exciton dimer,"{'1': '0.5', '2': '0.4'}",600,['trim'],['runJS0000289trim']
runJS0000290,Frenkel exciton dimer,"{'1': '0.6', '2': '0'}",600,['trim'],['runJS0000290trim']
runJS0000291,Frenkel exciton dimer,"{'1': '0.6', '2': '0.1'}",600,['trim'],['runJS0000291trim']
runJS0000292,Frenkel exciton dimer,"{'1': '0.6', '2': '0.2'}",600,['trim'],['runJS0000292trim']
runJS0000293,Frenkel exciton dimer,"{'1': '0.6', '2': '0.3'}",600,['trim'],['runJS0000293trim']
runJS0000294,Frenkel exciton dimer,"{'1': '0.6', '2': '0.4'}",600,['trim'],['runJS0000294trim']
runJS0000295,Frenkel exciton dimer,"{'1': '0.7', '2': '0'}",600,['trim'],['runJS0000295trim']
runJS0000296,Frenkel exciton dimer,"{'1': '0.7', '2': '0.1'}",600,['trim'],['runJS0000296trim']
runJS0000297,Frenkel exciton dimer,"{'1': '0.7', '2': '0.2'}",600,['trim'],['runJS0000297trim']
runJS0000298,Frenkel exciton dimer,"{'1': '0.7', '2': '0.3'}",600,['trim'],['runJS0000298trim']
runJS0000299,Frenkel exciton dimer,"{'1': '0.7', '2': '0.4'}",600,['trim'],['runJS0000299trim']
runJS0000300,Frenkel exciton dimer,"{'1': '0.4', '2': '0'}",700,['trim'],['runJS0000300trim']
runJS0000301,Frenkel exciton dimer,"{'1': '0.4', '2': '0.1'}",700,['trim'],['runJS0000301trim']
runJS0000302,Frenkel exciton dimer,"{'1': '0.4', '2': '0.2'}",700,['trim'],['runJS0000302trim']
runJS0000303,Frenkel exciton dimer,"{'1': '0.4', '2': '0.3'}",700,['trim'],['runJS0000303trim']
runJS0000304,Frenkel exciton dimer,"{'1': '0.4', '2': '0.4'}",700,['trim'],['runJS0000304trim']
runJS0000305,Frenkel exciton dimer,"{'1': '0.5', '2': '0'}",700,['trim'],['runJS0000305trim']
runJS0000306,Frenkel exciton dimer,"{'1': '0.5', '2': '0.1'}",700,['trim'],['runJS0000306trim']
runJS0000307,Frenkel exciton dimer,"{'1': '0.5', '2': '0.2'}",700,['trim'],['runJS0000307trim']
runJS0000308,Frenkel exciton dimer,"{'1': '0.5', '2': '0.3'}",700,['trim'],['runJS0000308trim']
runJS0000309,Frenkel exciton dimer,"{'1': '0.5', '2': '0.4'}",700,['trim'],['runJS0000309trim']
runJS0000310,Frenkel exciton dimer,"{'1': '0.6', '2': '0'}",700,['trim'],['runJS0000310trim']
runJS0000311,Frenkel exciton dimer,"{'1': '0.6', '2': '0.1'}",700,['trim'],['runJS0000311trim']
runJS0000312,Frenkel exciton dimer,"{'1': '0.6', '2': '0.2'}",700,['trim'],['runJS0000312trim']
runJS0000313,Frenkel exciton dimer,"{'1': '0.6', '2': '0.3'}",700,['trim'],['runJS0000313trim']
runJS0000314,Frenkel exciton dimer,"{'1': '0.6', '2': '0.4'}",700,['trim'],['runJS0000314trim']
runJS0000315,Frenkel exciton dimer,"{'1': '0.7', '2': '0'}",700,['trim'],['runJS0000315trim']
runJS0000316,Frenkel exciton dimer,"{'1': '0.7', '2': '0.1'}",700,['trim'],['runJS0000316trim']
runJS0000317,Frenkel exciton dimer,"{'1': '0.7', '2': '0.2'}",700,['trim'],['runJS0000317trim']
runJS0000318,Frenkel exciton dimer,"{'1': '0.7', '2': '0.3'}",700,['trim'],['runJS0000318trim']
runJS0000319,Frenkel exciton dimer,"{'1': '0.7', '2': '0.4'}",700,['trim'],['runJS0000319trim']
runJS0000320,Frenkel exciton dimer,"{'1': '0.4', '2': '0'}",800,['trim'],['runJS0000320trim']
runJS0000321,Frenkel exciton dimer,"{'1': '0.4', '2': '0.1'}",800,['trim'],['runJS0000321trim']
runJS0000322,Frenkel exciton dimer,"{'1': '0.4', '2': '0.2'}",800,['trim'],['runJS0000322trim']
runJS0000323,Frenkel exciton dimer,"{'1': '0.4', '2': '0.3'}",800,['trim'],['runJS0000323trim']
runJS0000324,Frenkel exciton dimer,"{'1': '0.4', '2': '0.4'}",800,['trim'],['runJS0000324trim']
runJS0000325,Frenkel exciton dimer,"{'1': '0.5', '2': '0'}",800,['trim'],['runJS0000325trim']
runJS0000326,Frenkel exciton dimer,"{'1': '0.5', '2': '0.1'}",800,['trim'],['runJS0000326trim']
runJS0000327,Frenkel exciton dimer,"{'1': '0.5', '2': '0.2'}",800,['trim'],['runJS0000327trim']
runJS0000328,Frenkel exciton dimer,"{'1': '0.5', '2': '0.3'}",800,['trim'],['runJS0000328trim']
runJS0000329,Frenkel exciton dimer,"{'1': '0.5', '2': '0.4'}",800,['trim'],['runJS0000329trim']
runJS0000330,Frenkel exciton dimer,"{'1': '0.6', '2': '0'}",800,['trim'],['runJS0000330trim']
runJS0000331,Frenkel exciton dimer,"{'1': '0.6', '2': '0.1'}",800,['trim'],['runJS0000331trim']
runJS0000332,Frenkel exciton dimer,"{'1': '0.6', '2': '0.2'}",800,['trim'],['runJS0000332trim']
runJS0000333,Frenkel exciton dimer,"{'1': '0.6', '2': '0.3'}",800,['trim'],['runJS0000333trim']
runJS0000334,Frenkel exciton dimer,"{'1': '0.6', '2': '0.4'}",800,['trim'],['runJS0000334trim']
runJS0000335,Frenkel exciton dimer,"{'1': '0.7', '2': '0'}",800,['trim'],['runJS0000335trim']
runJS0000336,Frenkel exciton dimer,"{'1': '0.7', '2': '0.1'}",800,['trim'],['runJS0000336trim']
runJS0000337,Frenkel exciton dimer,"{'1': '0.7', '2': '0.2'}",800,['trim'],['runJS0000337trim']
runJS0000338,Frenkel exciton dimer,"{'1': '0.7', '2': '0.3'}",800,['trim'],['runJS0000338trim']
runJS0000339,Frenkel exciton dimer,"{'1': '0.7', '2': '0.4'}",800,['trim'],['runJS0000339trim']
runJS0000340,Frenkel exciton dimer,"{'1': '0', '2': '0'}",-800,['trim'],['runJS0000340trim']
runJS0000341,Frenkel exciton dimer,"{'1': '0', '2': '0.1'}",-800,['trim'],['runJS0000341trim']
runJS0000342,Frenkel exciton dimer,"{'1': '0', '2': '0.2'}",-800,['trim'],['runJS0000342trim']
runJS0000343,Frenkel exciton dimer,"{'1': '0', '2': '0.3'}",-800,['trim'],['runJS0000343trim']
runJS0000344,Frenkel exciton dimer,"{'1': '0', '2': '0.4'}",-800,['trim'],['runJS0000344trim']
runJS0000345,Frenkel exciton dimer,"{'1': '0.1', '2': '0'}",-800,['trim'],['runJS0000345trim']
runJS0000346,Frenkel exciton dimer,"{'1': '0.1', '2': '0.1'}",-800,['trim'],['runJS0000346trim']
runJS0000347,Frenkel exciton dimer,"{'1': '0.1', '2': '0.2'}",-800,['trim'],['runJS0000347trim']
runJS0000348,Frenkel exciton dimer,"{'1': '0.1', '2': '0.3'}",-800,['trim'],['runJS0000348trim']
runJS0000349,Frenkel exciton dimer,"{'1': '0.1', '2': '0.4'}",-800,['trim'],['runJS0000349trim']
runJS0000350,Frenkel exciton dimer,"{'1': '0.2', '2': '0'}",-800,['trim'],['runJS0000350trim']
runJS0000351,Frenkel exciton dimer,"{'1': '0.2', '2': '0.1'}",-800,['trim'],['runJS0000351trim']
runJS0000352,Frenkel exciton dimer,"{'1': '0.2', '2': '0.2'}",-800,['trim'],['runJS0000352trim']
runJS0000353,Frenkel exciton dimer,"{'1': '0.2', '2': '0.3'}",-800,['trim'],['runJS0000353trim']
runJS0000354,Frenkel exciton dimer,"{'1': '0.2', '2': '0.4'}",-800,['trim'],['runJS0000354trim']
runJS0000355,Frenkel exciton dimer,"{'1': '0.3', '2': '0'}",-800,['trim'],['runJS0000355trim']
runJS0000356,Frenkel exciton dimer,"{'1': '0.3', '2': '0.1'}",-800,['trim'],['runJS0000356trim']
runJS0000357,Frenkel exciton dimer,"{'1': '0.3', '2': '0.2'}",-800,['trim'],['runJS0000357trim']
runJS0000358,Frenkel exciton dimer,"{'1': '0.3', '2': '0.3'}",-800,['trim'],['runJS0000358trim']
runJS0000359,Frenkel exciton dimer,"{'1': '0.3', '2': '0.4'}",-800,['trim'],['runJS0000359trim']
runJS0000360,Frenkel exciton dimer,"{'1': '0', '2': '0'}",-700,['trim'],['runJS0000360trim']
runJS0000361,Frenkel exciton dimer,"{'1': '0', '2': '0.1'}",-700,['trim'],['runJS0000361trim']
runJS0000362,Frenkel exciton dimer,"{'1': '0', '2': '0.2'}",-700,['trim'],['runJS0000362trim']
runJS0000363,Frenkel exciton dimer,"{'1': '0', '2': '0.3'}",-700,['trim'],['runJS0000363trim']
runJS0000364,Frenkel exciton dimer,"{'1': '0', '2': '0.4'}",-700,['trim'],['runJS0000364trim']
runJS0000365,Frenkel exciton dimer,"{'1': '0.1', '2': '0'}",-700,['trim'],['runJS0000365trim']
runJS0000366,Frenkel exciton dimer,"{'1': '0.1', '2': '0.1'}",-700,['trim'],['runJS0000366trim']
runJS0000367,Frenkel exciton dimer,"{'1': '0.1', '2': '0.2'}",-700,['trim'],['runJS0000367trim']
runJS0000368,Frenkel exciton dimer,"{'1': '0.1', '2': '0.3'}",-700,['trim'],['runJS0000368trim']
runJS0000369,Frenkel exciton dimer,"{'1': '0.1', '2': '0.4'}",-700,['trim'],['runJS0000369trim']
runJS0000370,Frenkel exciton dimer,"{'1': '0.2', '2': '0'}",-700,['trim'],['runJS0000370trim']
runJS0000371,Frenkel exciton dimer,"{'1': '0.2', '2': '0.1'}",-700,['trim'],['runJS0000371trim']
runJS0000372,Frenkel exciton dimer,"{'1': '0.2', '2': '0.2'}",-700,['trim'],['runJS0000372trim']
runJS0000373,Frenkel exciton dimer,"{'1': '0.2', '2': '0.3'}",-700,['trim'],['runJS0000373trim']
runJS0000374,Frenkel exciton dimer,"{'1': '0.2', '2': '0.4'}",-700,['trim'],['runJS0000374trim']
runJS0000375,Frenkel exciton dimer,"{'1': '0.3', '2': '0'}",-700,['trim'],['runJS0000375trim']
runJS0000376,Frenkel exciton dimer,"{'1': '0.3', '2': '0.1'}",-700,['trim'],['runJS0000376trim']
runJS0000377,Frenkel exciton dimer,"{'1': '0.3', '2': '0.2'}",-700,['trim'],['runJS0000377trim']
runJS0000378,Frenkel exciton dimer,"{'1': '0.3', '2': '0.3'}",-700,['trim'],['runJS0000378trim']
runJS0000379,Frenkel exciton dimer,"{'1': '0.3', '2': '0.4'}",-700,['trim'],['runJS0000379trim']
runJS0000380,Frenkel exciton dimer,"{'1': '0', '2': '0'}",-600,['trim'],['runJS0000380trim']
runJS0000381,Frenkel exciton dimer,"{'1': '0', '2': '0.1'}",-600,['trim'],['runJS0000381trim']
runJS0000382,Frenkel exciton dimer,"{'1': '0', '2': '0.2'}",-600,['trim'],['runJS0000382trim']
runJS0000383,Frenkel exciton dimer,"{'1': '0', '2': '0.3'}",-600,['trim'],['runJS0000383trim']
runJS0000384,Frenkel exciton dimer,"{'1': '0', '2': '0.4'}",-600,['trim'],['runJS0000384trim']
runJS0000385,Frenkel exciton dimer,"{'1': '0.1', '2': '0'}",-600,['trim'],['runJS0000385trim']
runJS0000386,Frenkel exciton dimer,"{'1': '0.1', '2': '0.1'}",-600,['trim'],['runJS0000386trim']
runJS0000387,Frenkel exciton dimer,"{'1': '0.1', '2': '0.2'}",-600,['trim'],['runJS0000387trim']
runJS0000388,Frenkel exciton dimer,"{'1': '0.1', '2': '0.3'}",-600,['trim'],['runJS0000388trim']
runJS0000389,Frenkel exciton dimer,"{'1': '0.1', '2': '0.4'}",-600,['trim'],['runJS0000389trim']
runJS0000390,Frenkel exciton dimer,"{'1': '0.2', '2': '0'}",-600,['trim'],['runJS0000390trim']
runJS0000391,Frenkel exciton dimer,"{'1': '0.2', '2': '0.1'}",-600,['trim'],['runJS0000391trim']
runJS0000392,Frenkel exciton dimer,"{'1': '0.2', '2': '0.2'}",-600,['trim'],['runJS0000392trim']
runJS0000393,Frenkel exciton dimer,"{'1': '0.2', '2': '0.3'}",-600,['trim'],['runJS0000393trim']
runJS0000394,Frenkel exciton dimer,"{'1': '0.2', '2': '0.4'}",-600,['trim'],['runJS0000394trim']
runJS0000395,Frenkel exciton dimer,"{'1': '0.3', '2': '0'}",-600,['trim'],['runJS0000395trim']
runJS0000396,Frenkel exciton dimer,"{'1': '0.3', '2': '0.1'}",-600,['trim'],['runJS0000396trim']
runJS0000397,Frenkel exciton dimer,"{'1': '0.3', '2': '0.2'}",-600,['trim'],['runJS0000397trim']
runJS0000398,Frenkel exciton dimer,"{'1': '0.3', '2': '0.3'}",-600,['trim'],['runJS0000398trim']
runJS0000399,Frenkel exciton dimer,"{'1': '0.3', '2': '0.4'}",-600,['trim'],['runJS0000399trim']
runJS0000400,Frenkel exciton dimer,"{'1': '0', '2': '0'}",-500,['trim'],['runJS0000400trim']
runJS0000401,Frenkel exciton dimer,"{'1': '0', '2': '0.1'}",-500,['trim'],['runJS0000401trim']
runJS0000402,Frenkel exciton dimer,"{'1': '0', '2': '0.2'}",-500,['trim'],['runJS0000402trim']
runJS0000403,Frenkel exciton dimer,"{'1': '0', '2': '0.3'}",-500,['trim'],['runJS0000403trim']
runJS0000404,Frenkel exciton dimer,"{'1': '0', '2': '0.4'}",-500,['trim'],['runJS0000404trim']
runJS0000405,Frenkel exciton dimer,"{'1': '0.1', '2': '0'}",-500,['trim'],['runJS0000405trim']
runJS0000406,Frenkel exciton dimer,"{'1': '0.1', '2': '0.1'}",-500,['trim'],['runJS0000406trim']
runJS0000407,Frenkel exciton dimer,"{'1': '0.1', '2': '0.2'}",-500,['trim'],['runJS0000407trim']
runJS0000408,Frenkel exciton dimer,"{'1': '0.1', '2': '0.3'}",-500,['trim'],['runJS0000408trim']
runJS0000409,Frenkel exciton dimer,"{'1': '0.1', '2': '0.4'}",-500,['trim'],['runJS0000409trim']
runJS0000410,Frenkel exciton dimer,"{'1': '0.2', '2': '0'}",-500,['trim'],['runJS0000410trim']
runJS0000411,Frenkel exciton dimer,"{'1': '0.2', '2': '0.1'}",-500,['trim'],['runJS0000411trim']
runJS0000412,Frenkel exciton dimer,"{'1': '0.2', '2': '0.2'}",-500,['trim'],['runJS0000412trim']
runJS0000413,Frenkel exciton dimer,"{'1': '0.2', '2': '0.3'}",-500,['trim'],['runJS0000413trim']
runJS0000414,Frenkel exciton dimer,"{'1': '0.2', '2': '0.4'}",-500,['trim'],['runJS0000414trim']
runJS0000415,Frenkel exciton dimer,"{'1': '0.3', '2': '0'}",-500,['trim'],['runJS0000415trim']
runJS0000416,Frenkel exciton dimer,"{'1': '0.3', '2': '0.1'}",-500,['trim'],['runJS0000416trim']
runJS0000417,Frenkel exciton dimer,"{'1': '0.3', '2': '0.2'}",-500,['trim'],['runJS0000417trim']
runJS0000418,Frenkel exciton dimer,"{'1': '0.3', '2': '0.3'}",-500,['trim'],['runJS0000418trim']
runJS0000419,Frenkel exciton dimer,"{'1': '0.3', '2': '0.4'}",-500,['trim'],['runJS0000419trim']
runJS0000420,Frenkel exciton dimer,"{'1': '0', '2': '0'}",-400,['trim'],['runJS0000420trim']
runJS0000421,Frenkel exciton dimer,"{'1': '0', '2': '0.1'}",-400,['trim'],['runJS0000421trim']
runJS0000422,Frenkel exciton dimer,"{'1': '0', '2': '0.2'}",-400,['trim'],['runJS0000422trim']
runJS0000423,Frenkel exciton dimer,"{'1': '0', '2': '0.3'}",-400,['trim'],['runJS0000423trim']
runJS0000424,Frenkel exciton dimer,"{'1': '0', '2': '0.4'}",-400,['trim'],['runJS0000424trim']
runJS0000425,Frenkel exciton dimer,"{'1': '0.1', '2': '0'}",-400,['trim'],['runJS0000425trim']
runJS0000426,Frenkel exciton dimer,"{'1': '0.1', '2': '0.1'}",-400,['trim'],['runJS0000426trim']
runJS0000427,Frenkel exciton dimer,"{'1': '0.1', '2': '0.2'}",-400,['trim'],['runJS0000427trim']
runJS0000428,Frenkel exciton dimer,"{'1': '0.1', '2': '0.3'}",-400,['trim'],['runJS0000428trim']
runJS0000429,Frenkel exciton dimer,"{'1': '0.1', '2': '0.4'}",-400,['trim'],['runJS0000429trim']
runJS0000430,Frenkel exciton dimer,"{'1': '0.2', '2': '0'}",-400,['trim'],['runJS0000430trim']
runJS0000431,Frenkel exciton dimer,"{'1': '0.2', '2': '0.1'}",-400,['trim'],['runJS0000431trim']
runJS0000432,Frenkel exciton dimer,"{'1': '0.2', '2': '0.2'}",-400,['trim'],['runJS0000432trim']
runJS0000433,Frenkel exciton dimer,"{'1': '0.2', '2': '0.3'}",-400,['trim'],['runJS0000433trim']
runJS0000434,Frenkel exciton dimer,"{'1': '0.2', '2': '0.4'}",-400,['trim'],['runJS0000434trim']
runJS0000435,Frenkel exciton dimer,"{'1': '0.3', '2': '0'}",-400,['trim'],['runJS0000435trim']
runJS0000436,Frenkel exciton dimer,"{'1': '0.3', '2': '0.1'}",-400,['trim'],['runJS0000436trim']
runJS0000437,Frenkel exciton dimer,"{'1': '0.3', '2': '0.2'}",-400,['trim'],['runJS0000437trim']
runJS0000438,Frenkel exciton dimer,"{'1': '0.3', '2': '0.3'}",-400,['trim'],['runJS0000438trim']
runJS0000439,Frenkel exciton dimer,"{'1': '0.3', '2': '0.4'}",-400,['trim'],['runJS0000439trim']
runJS0000440,Frenkel exciton dimer,"{'1': '0', '2': '0'}",-300,['trim'],['runJS0000440trim']
runJS0000441,Frenkel exciton dimer,"{'1': '0', '2': '0.1'}",-300,['trim'],['runJS0000441trim']
runJS0000442,Frenkel exciton dimer,"{'1': '0', '2': '0.2'}",-300,['trim'],['runJS0000442trim']
runJS0000443,Frenkel exciton dimer,"{'1': '0', '2': '0.3'}",-300,['trim'],['runJS0000443trim']
runJS0000444,Frenkel exciton dimer,"{'1': '0', '2': '0.4'}",-300,['trim'],['runJS0000444trim']
runJS0000445,Frenkel exciton dimer,"{'1': '0.1', '2': '0'}",-300,['trim'],['runJS0000445trim']
runJS0000446,Frenkel exciton dimer,"{'1': '0.1', '2': '0.1'}",-300,['trim'],['runJS0000446trim']
runJS0000447,Frenkel exciton dimer,"{'1': '0.1', '2': '0.2'}",-300,['trim'],['runJS0000447trim']
runJS0000448,Frenkel exciton dimer,"{'1': '0.1', '2': '0.3'}",-300,['trim'],['runJS0000448trim']
runJS0000449,Frenkel exciton dimer,"{'1': '0.1', '2': '0.4'}",-300,['trim'],['runJS0000449trim']
runJS0000450,Frenkel exciton dimer,"{'1': '0.2', '2': '0'}",-300,['trim'],['runJS0000450trim']
runJS0000451,Frenkel exciton dimer,"{'1': '0.2', '2': '0.1'}",-300,['trim'],['runJS0000451trim']
runJS0000452,Frenkel exciton dimer,"{'1': '0.2', '2': '0.2'}",-300,['trim'],['runJS0000452trim']
runJS0000453,Frenkel exciton dimer,"{'1': '0.2', '2': '0.3'}",-300,['trim'],['runJS0000453trim']
runJS0000454,Frenkel exciton dimer,"{'1': '0.2', '2': '0.4'}",-300,['trim'],['runJS0000454trim']
runJS0000455,Frenkel exciton dimer,"{'1': '0.3', '2': '0'}",-300,['trim'],['runJS0000455trim']
runJS0000456,Frenkel exciton dimer,"{'1': '0.3', '2': '0.1'}",-300,['trim'],['runJS0000456trim']
runJS0000457,Frenkel exciton dimer,"{'1': '0.3', '2': '0.2'}",-300,['trim'],['runJS0000457trim']
runJS0000458,Frenkel exciton dimer,"{'1': '0.3', '2': '0.3'}",-300,['trim'],['runJS0000458trim']
runJS0000459,Frenkel exciton dimer,"{'1': '0.3', '2': '0.4'}",-300,['trim'],['runJS0000459trim']
runJS0000460,Frenkel exciton dimer,"{'1': '0', '2': '0'}",-200,['trim'],['runJS0000460trim']
runJS0000461,Frenkel exciton dimer,"{'1': '0', '2': '0.1'}",-200,['trim'],['runJS0000461trim']
runJS0000462,Frenkel exciton dimer,"{'1': '0', '2': '0.2'}",-200,['trim'],['runJS0000462trim']
runJS0000463,Frenkel exciton dimer,"{'1': '0', '2': '0.3'}",-200,['trim'],['runJS0000463trim']
runJS0000464,Frenkel exciton dimer,"{'1': '0', '2': '0.4'}",-200,['trim'],['runJS0000464trim']
runJS0000465,Frenkel exciton dimer,"{'1': '0.1', '2': '0'}",-200,['trim'],['runJS0000465trim']
runJS0000466,Frenkel exciton dimer,"{'1': '0.1', '2': '0.1'}",-200,['trim'],['runJS0000466trim']
runJS0000467,Frenkel exciton dimer,"{'1': '0.1', '2': '0.2'}",-200,['trim'],['runJS0000467trim']
runJS0000468,Frenkel exciton dimer,"{'1': '0.1', '2': '0.3'}",-200,['trim'],['runJS0000468trim']
runJS0000469,Frenkel exciton dimer,"{'1': '0.1', '2': '0.4'}",-200,['trim'],['runJS0000469trim']
runJS0000470,Frenkel exciton dimer,"{'1': '0.2', '2': '0'}",-200,['trim'],['runJS0000470trim']
runJS0000471,Frenkel exciton dimer,"{'1': '0.2', '2': '0.1'}",-200,['trim'],['runJS0000471trim']
runJS0000472,Frenkel exciton dimer,"{'1': '0.2', '2': '0.2'}",-200,['trim'],['runJS0000472trim']
runJS0000473,Frenkel exciton dimer,"{'1': '0.2', '2': '0.3'}",-200,['trim'],['runJS0000473trim']
runJS0000474,Frenkel exciton dimer,"{'1': '0.2', '2': '0.4'}",-200,['trim'],['runJS0000474trim']
runJS0000475,Frenkel exciton dimer,"{'1': '0.3', '2': '0'}",-200,['trim'],['runJS0000475trim']
runJS0000476,Frenkel exciton dimer,"{'1': '0.3', '2': '0.1'}",-200,['trim'],['runJS0000476trim']
runJS0000477,Frenkel exciton dimer,"{'1': '0.3', '2': '0.2'}",-200,['trim'],['runJS0000477trim']
runJS0000478,Frenkel exciton dimer,"{'1': '0.3', '2': '0.3'}",-200,['trim'],['runJS0000478trim']
runJS0000479,Frenkel exciton dimer,"{'1': '0.3', '2': '0.4'}",-200,['trim'],['runJS0000479trim']
runJS0000480,Frenkel exciton dimer,"{'1': '0', '2': '0'}",-100,['trim'],['runJS0000480trim']
runJS0000481,Frenkel exciton dimer,"{'1': '0', '2': '0.1'}",-100,['trim'],['runJS0000481trim']
runJS0000482,Frenkel exciton dimer,"{'1': '0', '2': '0.2'}",-100,['trim'],['runJS0000482trim']
runJS0000483,Frenkel exciton dimer,"{'1': '0', '2': '0.3'}",-100,['trim'],['runJS0000483trim']
runJS0000484,Frenkel exciton dimer,"{'1': '0', '2': '0.4'}",-100,['trim'],['runJS0000484trim']
runJS0000485,Frenkel exciton dimer,"{'1': '0.1', '2': '0'}",-100,['trim'],['runJS0000485trim']
runJS0000486,Frenkel exciton dimer,"{'1': '0.1', '2': '0.1'}",-100,['trim'],['runJS0000486trim']
runJS0000487,Frenkel exciton dimer,"{'1': '0.1', '2': '0.2'}",-100,['trim'],['runJS0000487trim']
runJS0000488,Frenkel exciton dimer,"{'1': '0.1', '2': '0.3'}",-100,['trim'],['runJS0000488trim']
runJS0000489,Frenkel exciton dimer,"{'1': '0.1', '2': '0.4'}",-100,['trim'],['runJS0000489trim']
runJS0000490,Frenkel exciton dimer,"{'1': '0.2', '2': '0'}",-100,['trim'],['runJS0000490trim']
runJS0000491,Frenkel exciton dimer,"{'1': '0.2', '2': '0.1'}",-100,['trim'],['runJS0000491trim']
runJS0000492,Frenkel exciton dimer,"{'1': '0.2', '2': '0.2'}",-100,['trim'],['runJS0000492trim']
runJS0000493,Frenkel exciton dimer,"{'1': '0.2', '2': '0.3'}",-100,['trim'],['runJS0000493trim']
runJS0000494,Frenkel exciton dimer,"{'1': '0.2', '2': '0.4'}",-100,['trim'],['runJS0000494trim']
runJS0000495,Frenkel exciton dimer,"{'1': '0.3', '2': '0'}",-100,['trim'],['runJS0000495trim']
runJS0000496,Frenkel exciton dimer,"{'1': '0.3', '2': '0.1'}",-100,['trim'],['runJS0000496trim']
runJS0000497,Frenkel exciton dimer,"{'1': '0.3', '2': '0.2'}",-100,['trim'],['runJS0000497trim']
runJS0000498,Frenkel exciton dimer,"{'1': '0.3', '2': '0.3'}",-100,['trim'],['runJS0000498trim']
runJS0000499,Frenkel exciton dimer,"{'1': '0.3', '2': '0.4'}",-100,['trim'],['runJS0000499trim']
runJS0000500,Frenkel exciton dimer,"{'1': '0', '2': '0'}",0,['trim'],['runJS0000500trim']
runJS0000501,Frenkel exciton dimer,"{'1': '0', '2': '0.1'}",0,['trim'],['runJS0000501trim']
runJS0000502,Frenkel exciton dimer,"{'1': '0', '2': '0.2'}",0,['trim'],['runJS0000502trim']
runJS0000503,Frenkel exciton dimer,"{'1': '0', '2': '0.3'}",0,['trim'],['runJS0000503trim']
runJS0000504,Frenkel exciton dimer,"{'1': '0', '2': '0.4'}",0,['trim'],['runJS0000504trim']
runJS0000505,Frenkel exciton dimer,"{'1': '0.1', '2': '0'}",0,['trim'],['runJS0000505trim']
runJS0000506,Frenkel exciton dimer,"{'1': '0.1', '2': '0.1'}",0,['trim'],['runJS0000506trim']
runJS0000507,Frenkel exciton dimer,"{'1': '0.1', '2': '0.2'}",0,['trim'],['runJS0000507trim']
runJS0000508,Frenkel exciton dimer,"{'1': '0.1', '2': '0.3'}",0,['trim'],['runJS0000508trim']
runJS0000509,Frenkel exciton dimer,"{'1': '0.1', '2': '0.4'}",0,['trim'],['runJS0000509trim']
runJS0000510,Frenkel exciton dimer,"{'1': '0.2', '2': '0'}",0,['trim'],['runJS0000510trim']
runJS0000511,Frenkel exciton dimer,"{'1': '0.2', '2': '0.1'}",0,['trim'],['runJS0000511trim']
runJS0000512,Frenkel exciton dimer,"{'1': '0.2', '2': '0.2'}",0,['trim'],['runJS0000512trim']
runJS0000513,Frenkel exciton dimer,"{'1': '0.2', '2': '0.3'}",0,['trim'],['runJS0000513trim']
runJS0000514,Frenkel exciton dimer,"{'1': '0.2', '2': '0.4'}",0,['trim'],['runJS0000514trim']
runJS0000515,Frenkel exciton dimer,"{'1': '0.3', '2': '0'}",0,['trim'],['runJS0000515trim']
runJS0000516,Frenkel exciton dimer,"{'1': '0.3', '2': '0.1'}",0,['trim'],['runJS0000516trim']
runJS0000517,Frenkel exciton dimer,"{'1': '0.3', '2': '0.2'}",0,['trim'],['runJS0000517trim']
runJS0000518,Frenkel exciton dimer,"{'1': '0.3', '2': '0.3'}",0,['trim'],['runJS0000518trim']
runJS0000519,Frenkel exciton dimer,"{'1': '0.3', '2': '0.4'}",0,['trim'],['runJS0000519trim']
runJS0000520,Frenkel exciton dimer,"{'1': '0', '2': '0'}",100,['trim'],['runJS0000520trim']
runJS0000521,Frenkel exciton dimer,"{'1': '0', '2': '0.1'}",100,['trim'],['runJS0000521trim']
runJS0000522,Frenkel exciton dimer,"{'1': '0', '2': '0.2'}",100,['trim'],['runJS0000522trim']
runJS0000523,Frenkel exciton dimer,"{'1': '0', '2': '0.3'}",100,['trim'],['runJS0000523trim']
runJS0000524,Frenkel exciton dimer,"{'1': '0', '2': '0.4'}",100,['trim'],['runJS0000524trim']
runJS0000525,Frenkel exciton dimer,"{'1': '0.1', '2': '0'}",100,['trim'],['runJS0000525trim']
runJS0000526,Frenkel exciton dimer,"{'1': '0.1', '2': '0.1'}",100,['trim'],['runJS0000526trim']
runJS0000527,Frenkel exciton dimer,"{'1': '0.1', '2': '0.2'}",100,['trim'],['runJS0000527trim']
runJS0000528,Frenkel exciton dimer,"{'1': '0.1', '2': '0.3'}",100,['trim'],['runJS0000528trim']
runJS0000529,Frenkel exciton dimer,"{'1': '0.1', '2': '0.4'}",100,['trim'],['runJS0000529trim']
runJS0000530,Frenkel exciton dimer,"{'1': '0.2', '2': '0'}",100,['trim'],['runJS0000530trim']
runJS0000531,Frenkel exciton dimer,"{'1': '0.2', '2': '0.1'}",100,['trim'],['runJS0000531trim']
runJS0000532,Frenkel exciton dimer,"{'1': '0.2', '2': '0.2'}",100,['trim'],['runJS0000532trim']
runJS0000533,Frenkel exciton dimer,"{'1': '0.2', '2': '0.3'}",100,['trim'],['runJS0000533trim']
runJS0000534,Frenkel exciton dimer,"{'1': '0.2', '2': '0.4'}",100,['trim'],['runJS0000534trim']
runJS0000535,Frenkel exciton dimer,"{'1': '0.3', '2': '0'}",100,['trim'],['runJS0000535trim']
runJS0000536,Frenkel exciton dimer,"{'1': '0.3', '2': '0.1'}",100,['trim'],['runJS0000536trim']
runJS0000537,Frenkel exciton dimer,"{'1': '0.3', '2': '0.2'}",100,['trim'],['runJS0000537trim']
runJS0000538,Frenkel exciton dimer,"{'1': '0.3', '2': '0.3'}",100,['trim'],['runJS0000538trim']
runJS0000539,Frenkel exciton dimer,"{'1': '0.3', '2': '0.4'}",100,['trim'],['runJS0000539trim']
runJS0000540,Frenkel exciton dimer,"{'1': '0', '2': '0'}",200,['trim'],['runJS0000540trim']
runJS0000541,Frenkel exciton dimer,"{'1': '0', '2': '0.1'}",200,['trim'],['runJS0000541trim']
runJS0000542,Frenkel exciton dimer,"{'1': '0', '2': '0.2'}",200,['trim'],['runJS0000542trim']
runJS0000543,Frenkel exciton dimer,"{'1': '0', '2': '0.3'}",200,['trim'],['runJS0000543trim']
runJS0000544,Frenkel exciton dimer,"{'1': '0', '2': '0.4'}",200,['trim'],['runJS0000544trim']
runJS0000545,Frenkel exciton dimer,"{'1': '0.1', '2': '0'}",200,['trim'],['runJS0000545trim']
runJS0000546,Frenkel exciton dimer,"{'1': '0.1', '2': '0.1'}",200,['trim'],['runJS0000546trim']
runJS0000547,Frenkel exciton dimer,"{'1': '0.1', '2': '0.2'}",200,['trim'],['runJS0000547trim']
runJS0000548,Frenkel exciton dimer,"{'1': '0.1', '2': '0.3'}",200,['trim'],['runJS0000548trim']
runJS0000549,Frenkel exciton dimer,"{'1': '0.1', '2': '0.4'}",200,['trim'],['runJS0000549trim']
runJS0000550,Frenkel exciton dimer,"{'1': '0.2', '2': '0'}",200,['trim'],['runJS0000550trim']
runJS0000551,Frenkel exciton dimer,"{'1': '0.2', '2': '0.1'}",200,['trim'],['runJS0000551trim']
runJS0000552,Frenkel exciton dimer,"{'1': '0.2', '2': '0.2'}",200,['trim'],['runJS0000552trim']
runJS0000553,Frenkel exciton dimer,"{'1': '0.2', '2': '0.3'}",200,['trim'],['runJS0000553trim']
runJS0000554,Frenkel exciton dimer,"{'1': '0.2', '2': '0.4'}",200,['trim'],['runJS0000554trim']
runJS0000555,Frenkel exciton dimer,"{'1': '0.3', '2': '0'}",200,['trim'],['runJS0000555trim']
runJS0000556,Frenkel exciton dimer,"{'1': '0.3', '2': '0.1'}",200,['trim'],['runJS0000556trim']
runJS0000557,Frenkel exciton dimer,"{'1': '0.3', '2': '0.2'}",200,['trim'],['runJS0000557trim']
runJS0000558,Frenkel exciton dimer,"{'1': '0.3', '2': '0.3'}",200,['trim'],['runJS0000558trim']
runJS0000559,Frenkel exciton dimer,"{'1': '0.3', '2': '0.4'}",200,['trim'],['runJS0000559trim']
runJS0000560,Frenkel exciton dimer,"{'1': '0', '2': '0'}",300,['trim'],['runJS0000560trim']
runJS0000561,Frenkel exciton dimer,"{'1': '0', '2': '0.1'}",300,['trim'],['runJS0000561trim']
runJS0000562,Frenkel exciton dimer,"{'1': '0', '2': '0.2'}",300,['trim'],['runJS0000562trim']
runJS0000563,Frenkel exciton dimer,"{'1': '0', '2': '0.3'}",300,['trim'],['runJS0000563trim']
runJS0000564,Frenkel exciton dimer,"{'1': '0', '2': '0.4'}",300,['trim'],['runJS0000564trim']
runJS0000565,Frenkel exciton dimer,"{'1': '0.1', '2': '0'}",300,['trim'],['runJS0000565trim']
runJS0000566,Frenkel exciton dimer,"{'1': '0.1', '2': '0.1'}",300,['trim'],['runJS0000566trim']
runJS0000567,Frenkel exciton dimer,"{'1': '0.1', '2': '0.2'}",300,['trim'],['runJS0000567trim']
runJS0000568,Frenkel exciton dimer,"{'1': '0.1', '2': '0.3'}",300,['trim'],['runJS0000568trim']
runJS0000569,Frenkel exciton dimer,"{'1': '0.1', '2': '0.4'}",300,['trim'],['runJS0000569trim']
runJS0000570,Frenkel exciton dimer,"{'1': '0.2', '2': '0'}",300,['trim'],['runJS0000570trim']
runJS0000571,Frenkel exciton dimer,"{'1': '0.2', '2': '0.1'}",300,['trim'],['runJS0000571trim']
runJS0000572,Frenkel exciton dimer,"{'1': '0.2', '2': '0.2'}",300,['trim'],['runJS0000572trim']
runJS0000573,Frenkel exciton dimer,"{'1': '0.2', '2': '0.3'}",300,['trim'],['runJS0000573trim']
runJS0000574,Frenkel exciton dimer,"{'1': '0.2', '2': '0.4'}",300,['trim'],['runJS0000574trim']
runJS0000575,Frenkel exciton dimer,"{'1': '0.3', '2': '0'}",300,['trim'],['runJS0000575trim']
runJS0000576,Frenkel exciton dimer,"{'1': '0.3', '2': '0.1'}",300,['trim'],['runJS0000576trim']
runJS0000577,Frenkel exciton dimer,"{'1': '0.3', '2': '0.2'}",300,['trim'],['runJS0000577trim']
runJS0000578,Frenkel exciton dimer,"{'1': '0.3', '2': '0.3'}",300,['trim'],['runJS0000578trim']
runJS0000579,Frenkel exciton dimer,"{'1': '0.3', '2': '0.4'}",300,['trim'],['runJS0000579trim']
runJS0000580,Frenkel exciton dimer,"{'1': '0', '2': '0'}",400,['trim'],['runJS0000580trim']
runJS0000581,Frenkel exciton dimer,"{'1': '0', '2': '0.1'}",400,['trim'],['runJS0000581trim']
runJS0000582,Frenkel exciton dimer,"{'1': '0', '2': '0.2'}",400,['trim'],['runJS0000582trim']
runJS0000583,Frenkel exciton dimer,"{'1': '0', '2': '0.3'}",400,['trim'],['runJS0000583trim']
runJS0000584,Frenkel exciton dimer,"{'1': '0', '2': '0.4'}",400,['trim'],['runJS0000584trim']
runJS0000585,Frenkel exciton dimer,"{'1': '0.1', '2': '0'}",400,['trim'],['runJS0000585trim']
runJS0000586,Frenkel exciton dimer,"{'1': '0.1', '2': '0.1'}",400,['trim'],['runJS0000586trim']
runJS0000587,Frenkel exciton dimer,"{'1': '0.1', '2': '0.2'}",400,['trim'],['runJS0000587trim']
runJS0000588,Frenkel exciton dimer,"{'1': '0.1', '2': '0.3'}",400,['trim'],['runJS0000588trim']
runJS0000589,Frenkel exciton dimer,"{'1': '0.1', '2': '0.4'}",400,['trim'],['runJS0000589trim']
runJS0000590,Frenkel exciton dimer,"{'1': '0.2', '2': '0'}",400,['trim'],['runJS0000590trim']
runJS0000591,Frenkel exciton dimer,"{'1': '0.2', '2': '0.1'}",400,['trim'],['runJS0000591trim']
runJS0000592,Frenkel exciton dimer,"{'1': '0.2', '2': '0.2'}",400,['trim'],['runJS0000592trim']
runJS0000593,Frenkel exciton dimer,"{'1': '0.2', '2': '0.3'}",400,['trim'],['runJS0000593trim']
runJS0000594,Frenkel exciton dimer,"{'1': '0.2', '2': '0.4'}",400,['trim'],['runJS0000594trim']
runJS0000595,Frenkel exciton dimer,"{'1': '0.3', '2': '0'}",400,['trim'],['runJS0000595trim']
runJS0000596,Frenkel exciton dimer,"{'1': '0.3', '2': '0.1'}",400,['trim'],['runJS0000596trim']
runJS0000597,Frenkel exciton dimer,"{'1': '0.3', '2': '0.2'}",400,['trim'],['runJS0000597trim']
runJS0000598,Frenkel exciton dimer,"{'1': '0.3', '2': '0.3'}",400,['trim'],['runJS0000598trim']
runJS0000599,Frenkel exciton dimer,"{'1': '0.3', '2': '0.4'}",400,['trim'],['runJS0000599trim']
runJS0000600,Frenkel exciton dimer,"{'1': '0', '2': '0'}",500,['trim'],['runJS0000600trim']
runJS0000601,Frenkel exciton dimer,"{'1': '0', '2': '0.1'}",500,['trim'],['runJS0000601trim']
runJS0000602,Frenkel exciton dimer,"{'1': '0', '2': '0.2'}",500,['trim'],['runJS0000602trim']
runJS0000603,Frenkel exciton dimer,"{'1': '0', '2': '0.3'}",500,['trim'],['runJS0000603trim']
runJS0000604,Frenkel exciton dimer,"{'1': '0', '2': '0.4'}",500,['trim'],['runJS0000604trim']
runJS0000605,Frenkel exciton dimer,"{'1': '0.1', '2': '0'}",500,['trim'],['runJS0000605trim']
runJS0000606,Frenkel exciton dimer,"{'1': '0.1', '2': '0.1'}",500,['trim'],['runJS0000606trim']
runJS0000607,Frenkel exciton dimer,"{'1': '0.1', '2': '0.2'}",500,['trim'],['runJS0000607trim']
runJS0000608,Frenkel exciton dimer,"{'1': '0.1', '2': '0.3'}",500,['trim'],['runJS0000608trim']
runJS0000609,Frenkel exciton dimer,"{'1': '0.1', '2': '0.4'}",500,['trim'],['runJS0000609trim']
runJS0000610,Frenkel exciton dimer,"{'1': '0.2', '2': '0'}",500,['trim'],['runJS0000610trim']
runJS0000611,Frenkel exciton dimer,"{'1': '0.2', '2': '0.1'}",500,['trim'],['runJS0000611trim']
runJS0000612,Frenkel exciton dimer,"{'1': '0.2', '2': '0.2'}",500,['trim'],['runJS0000612trim']
runJS0000613,Frenkel exciton dimer,"{'1': '0.2', '2': '0.3'}",500,['trim'],['runJS0000613trim']
runJS0000614,Frenkel exciton dimer,"{'1': '0.2', '2': '0.4'}",500,['trim'],['runJS0000614trim']
runJS0000615,Frenkel exciton dimer,"{'1': '0.3', '2': '0'}",500,['trim'],['runJS0000615trim']
runJS0000616,Frenkel exciton dimer,"{'1': '0.3', '2': '0.1'}",500,['trim'],['runJS0000616trim']
runJS0000617,Frenkel exciton dimer,"{'1': '0.3', '2': '0.2'}",500,['trim'],['runJS0000617trim']
runJS0000618,Frenkel exciton dimer,"{'1': '0.3', '2': '0.3'}",500,['trim'],['runJS0000618trim']
runJS0000619,Frenkel exciton dimer,"{'1': '0.3', '2': '0.4'}",500,['trim'],['runJS0000619trim']
runJS0000620,Frenkel exciton dimer,"{'1': '0', '2': '0'}",600,['trim'],['runJS0000620trim']
runJS0000621,Frenkel exciton dimer,"{'1': '0', '2': '0.1'}",600,['trim'],['runJS0000621trim']
runJS0000622,Frenkel exciton dimer,"{'1': '0', '2': '0.2'}",600,['trim'],['runJS0000622trim']
runJS0000623,Frenkel exciton dimer,"{'1': '0', '2': '0.3'}",600,['trim'],['runJS0000623trim']
runJS0000624,Frenkel exciton dimer,"{'1': '0', '2': '0.4'}",600,['trim'],['runJS0000624trim']
runJS0000625,Frenkel exciton dimer,"{'1': '0.1', '2': '0'}",600,['trim'],['runJS0000625trim']
runJS0000626,Frenkel exciton dimer,"{'1': '0.1', '2': '0.1'}",600,['trim'],['runJS0000626trim']
runJS0000627,Frenkel exciton dimer,"{'1': '0.1', '2': '0.2'}",600,['trim'],['runJS0000627trim']
runJS0000628,Frenkel exciton dimer,"{'1': '0.1', '2': '0.3'}",600,['trim'],['runJS0000628trim']
runJS0000629,Frenkel exciton dimer,"{'1': '0.1', '2': '0.4'}",600,['trim'],['runJS0000629trim']
runJS0000630,Frenkel exciton dimer,"{'1': '0.2', '2': '0'}",600,['trim'],['runJS0000630trim']
runJS0000631,Frenkel exciton dimer,"{'1': '0.2', '2': '0.1'}",600,['trim'],['runJS0000631trim']
runJS0000632,Frenkel exciton dimer,"{'1': '0.2', '2': '0.2'}",600,['trim'],['runJS0000632trim']
runJS0000633,Frenkel exciton dimer,"{'1': '0.2', '2': '0.3'}",600,['trim'],['runJS0000633trim']
runJS0000634,Frenkel exciton dimer,"{'1': '0.2', '2': '0.4'}",600,['trim'],['runJS0000634trim']
runJS0000635,Frenkel exciton dimer,"{'1': '0.3', '2': '0'}",600,['trim'],['runJS0000635trim']
runJS0000636,Frenkel exciton dimer,"{'1': '0.3', '2': '0.1'}",600,['trim'],['runJS0000636trim']
runJS0000637,Frenkel exciton dimer,"{'1': '0.3', '2': '0.2'}",600,['trim'],['runJS0000637trim']
runJS0000638,Frenkel exciton dimer,"{'1': '0.3', '2': '0.3'}",600,['trim'],['runJS0000638trim']
runJS0000639,Frenkel exciton dimer,"{'1': '0.3', '2': '0.4'}",600,['trim'],['runJS0000639trim']
runJS0000640,Frenkel exciton dimer,"{'1': '0', '2': '0'}",700,['trim'],['runJS0000640trim']
runJS0000641,Frenkel exciton dimer,"{'1': '0', '2': '0.1'}",700,['trim'],['runJS0000641trim']
runJS0000642,Frenkel exciton dimer,"{'1': '0', '2': '0.2'}",700,['trim'],['runJS0000642trim']
runJS0000643,Frenkel exciton dimer,"{'1': '0', '2': '0.3'}",700,['trim'],['runJS0000643trim']
runJS0000644,Frenkel exciton dimer,"{'1': '0', '2': '0.4'}",700,['trim'],['runJS0000644trim']
runJS0000645,Frenkel exciton dimer,"{'1': '0.1', '2': '0'}",700,['trim'],['runJS0000645trim']
runJS0000646,Frenkel exciton dimer,"{'1': '0.1', '2': '0.1'}",700,['trim'],['runJS0000646trim']
runJS0000647,Frenkel exciton dimer,"{'1': '0.1', '2': '0.2'}",700,['trim'],['runJS0000647trim']
runJS0000648,Frenkel exciton dimer,"{'1': '0.1', '2': '0.3'}",700,['trim'],['runJS0000648trim']
runJS0000649,Frenkel exciton dimer,"{'1': '0.1', '2': '0.4'}",700,['trim'],['runJS0000649trim']
runJS0000650,Frenkel exciton dimer,"{'1': '0.2', '2': '0'}",700,['trim'],['runJS0000650trim']
runJS0000651,Frenkel exciton dimer,"{'1': '0.2', '2': '0.1'}",700,['trim'],['runJS0000651trim']
runJS0000652,Frenkel exciton dimer,"{'1': '0.2', '2': '0.2'}",700,['trim'],['runJS0000652trim']
runJS0000653,Frenkel exciton dimer,"{'1': '0.2', '2': '0.3'}",700,['trim'],['runJS0000653trim']
runJS0000654,Frenkel exciton dimer,"{'1': '0.2', '2': '0.4'}",700,['trim'],['runJS0000654trim']
runJS0000655,Frenkel exciton dimer,"{'1': '0.3', '2': '0'}",700,['trim'],['runJS0000655trim']
runJS0000656,Frenkel exciton dimer,"{'1': '0.3', '2': '0.1'}",700,['trim'],['runJS0000656trim']
runJS0000657,Frenkel exciton dimer,"{'1': '0.3', '2': '0.2'}",700,['trim'],['runJS0000657trim']
runJS0000658,Frenkel exciton dimer,"{'1': '0.3', '2': '0.3'}",700,['trim'],['runJS0000658trim']
runJS0000659,Frenkel exciton dimer,"{'1': '0.3', '2': '0.4'}",700,['trim'],['runJS0000659trim']
runJS0000660,Frenkel exciton dimer,"{'1': '0', '2': '0'}",800,['trim'],['runJS0000660trim']
runJS0000661,Frenkel exciton dimer,"{'1': '0', '2': '0.1'}",800,['trim'],['runJS0000661trim']
runJS0000662,Frenkel exciton dimer,"{'1': '0', '2': '0.2'}",800,['trim'],['runJS0000662trim']
runJS0000663,Frenkel exciton dimer,"{'1': '0', '2': '0.3'}",800,['trim'],['runJS0000663trim']
runJS0000664,Frenkel exciton dimer,"{'1': '0', '2': '0.4'}",800,['trim'],['runJS0000664trim']
runJS0000665,Frenkel exciton dimer,"{'1': '0.1', '2': '0'}",800,['trim'],['runJS0000665trim']
runJS0000666,Frenkel exciton dimer,"{'1': '0.1', '2': '0.1'}",800,['trim'],['runJS0000666trim']
runJS0000667,Frenkel exciton dimer,"{'1': '0.1', '2': '0.2'}",800,['trim'],['runJS0000667trim']
runJS0000668,Frenkel exciton dimer,"{'1': '0.1', '2': '0.3'}",800,['trim'],['runJS0000668trim']
runJS0000669,Frenkel exciton dimer,"{'1': '0.1', '2': '0.4'}",800,['trim'],['runJS0000669trim']
runJS0000670,Frenkel exciton dimer,"{'1': '0.2', '2': '0'}",800,['trim'],['runJS0000670trim']
runJS0000671,Frenkel exciton dimer,"{'1': '0.2', '2': '0.1'}",800,['trim'],['runJS0000671trim']
runJS0000672,Frenkel exciton dimer,"{'1': '0.2', '2': '0.2'}",800,['trim'],['runJS0000672trim']
runJS0000673,Frenkel exciton dimer,"{'1': '0.2', '2': '0.3'}",800,['trim'],['runJS0000673trim']
runJS0000674,Frenkel exciton dimer,"{'1': '0.2', '2': '0.4'}",800,['trim'],['runJS0000674trim']
runJS0000675,Frenkel exciton dimer,"{'1': '0.3', '2': '0'}",800,['trim'],['runJS0000675trim']
runJS0000676,Frenkel exciton dimer,"{'1': '0.3', '2': '0.1'}",800,['trim'],['runJS0000676trim']
runJS0000677,Frenkel exciton dimer,"{'1': '0.3', '2': '0.2'}",800,['trim'],['runJS0000677trim']
runJS0000678,Frenkel exciton dimer,"{'1': '0.3', '2': '0.3'}",800,['trim'],['runJS0000678trim']
runJS0000679,Frenkel exciton dimer,"{'1': '0.3', '2': '0.4'}",800,['trim'],['runJS0000679trim']
runJS0000680,monomer,"{'1': '0', '2': '0'}",,['trim'],['runJS0000680trim']
runJS0000681,monomer,"{'1': '0', '2': '0.05'}",,['trim'],['runJS0000681trim']
runJS0000682,monomer,"{'1': '0', '2': '0.1'}",,['trim'],['runJS0000682trim']
runJS0000683,monomer,"{'1': '0', '2': '0.15'}",,['trim'],['runJS0000683trim']
runJS0000684,monomer,"{'1': '0', '2': '0.2'}",,['trim'],['runJS0000684trim']
runJS0000685,monomer,"{'1': '0', '2': '0.25'}",,['trim'],['runJS0000685trim']
runJS0000686,monomer,"{'1': '0', '2': '0.3'}",,['trim'],['runJS0000686trim']
runJS0000687,monomer,"{'1': '0', '2': '0.35'}",,['trim'],['runJS0000687trim']
runJS0000688,monomer,"{'1': '0', '2': '0.4'}",,['trim'],['runJS0000688trim']
runJS0000689,monomer,"{'1': '0', '2': '0.45'}",,['trim'],['runJS0000689trim']
runJS0000690,monomer,"{'1': '0', '2': '0.5'}",,['trim'],['runJS0000690trim']
runJS0000691,monomer,"{'1': '0', '2': '0.55'}",,['trim'],['runJS0000691trim']
runJS0000692,monomer,"{'1': '0', '2': '0.6'}",,['trim'],['runJS0000692trim']
runJS0000693,monomer,"{'1': '0', '2': '0.65'}",,['trim'],['runJS0000693trim']
runJS0000694,monomer,"{'1': '0', '2': '0.7'}",,['trim'],['runJS0000694trim']
runJS0000695,monomer,"{'1': '0', '2': '0.75'}",,['trim'],['runJS0000695trim']
runJS0000696,monomer,"{'1': '0', '2': '0.8'}",,['trim'],['runJS0000696trim']
runJS0000697,monomer,"{'1': '0', '2': '0.85'}",,['trim'],['runJS0000697trim']
runJS0000698,monomer,"{'1': '0', '2': '0.9'}",,['trim'],['runJS0000698trim']
runJS0000699,monomer,"{'1': '0.05', '2': '0'}",,['trim'],['runJS0000699trim']
runJS0000700,monomer,"{'1': '0.05', '2': '0.05'}",,['trim'],['runJS0000700trim']
runJS0000701,monomer,"{'1': '0.05', '2': '0.1'}",,['trim'],['runJS0000701trim']
runJS0000702,monomer,"{'1': '0.05', '2': '0.15'}",,['trim'],['runJS0000702trim']
runJS0000703,monomer,"{'1': '0.05', '2': '0.2'}",,['trim'],['runJS0000703trim']
runJS0000704,monomer,"{'1': '0.05', '2': '0.25'}",,['trim'],['runJS0000704trim']
runJS0000705,monomer,"{'1': '0.05', '2': '0.3'}",,['trim'],['runJS0000705trim']
runJS0000706,monomer,"{'1': '0.05', '2': '0.35'}",,['trim'],['runJS0000706trim']
runJS0000707,monomer,"{'1': '0.05', '2': '0.4'}",,['trim'],['runJS0000707trim']
runJS0000708,monomer,"{'1': '0.05', '2': '0.45'}",,['trim'],['runJS0000708trim']
runJS0000709,monomer,"{'1': '0.05', '2': '0.5'}",,['trim'],['runJS0000709trim']
runJS0000710,monomer,"{'1': '0.05', '2': '0.55'}",,['trim'],['runJS0000710trim']
runJS0000711,monomer,"{'1': '0.05', '2': '0.6'}",,['trim'],['runJS0000711trim']
runJS0000712,monomer,"{'1': '0.05', '2': '0.65'}",,['trim'],['runJS0000712trim']
runJS0000713,monomer,"{'1': '0.05', '2': '0.7'}",,['trim'],['runJS0000713trim']
runJS0000714,monomer,"{'1': '0.05', '2': '0.75'}",,['trim'],['runJS0000714trim']
runJS0000715,monomer,"{'1': '0.05', '2': '0.8'}",,['trim'],['runJS0000715trim']
runJS0000716,monomer,"{'1': '0.05', '2': '0.85'}",,['trim'],['runJS0000716trim']
runJS0000717,monomer,"{'1': '0.05', '2': '0.9'}",,['trim'],['runJS0000717trim']
runJS0000718,monomer,"{'1': '0.1', '2': '0'}",,['trim'],['runJS0000718trim']
runJS0000719,monomer,"{'1': '0.1', '2': '0.05'}",,['trim'],['runJS0000719trim']
runJS0000720,monomer,"{'1': '0.1', '2': '0.1'}",,['trim'],['runJS0000720trim']
runJS0000721,monomer,"{'1': '0.1', '2': '0.15'}",,['trim'],['runJS0000721trim']
runJS0000722,monomer,"{'1': '0.1', '2': '0.2'}",,['trim'],['runJS0000722trim']
runJS0000723,monomer,"{'1': '0.1', '2': '0.25'}",,['trim'],['runJS0000723trim']
runJS0000724,monomer,"{'1': '0.1', '2': '0.3'}",,['trim'],['runJS0000724trim']
runJS0000725,monomer,"{'1': '0.1', '2': '0.35'}",,['trim'],['runJS0000725trim']
runJS0000726,monomer,"{'1': '0.1', '2': '0.4'}",,['trim'],['runJS0000726trim']
runJS0000727,monomer,"{'1': '0.1', '2': '0.45'}",,['trim'],['runJS0000727trim']
runJS0000728,monomer,"{'1': '0.1', '2': '0.5'}",,['trim'],['runJS0000728trim']
runJS0000729,monomer,"{'1': '0.1', '2': '0.55'}",,['trim'],['runJS0000729trim']
runJS0000730,monomer,"{'1': '0.1', '2': '0.6'}",,['trim'],['runJS0000730trim']
runJS0000731,monomer,"{'1': '0.1', '2': '0.65'}",,['trim'],['runJS0000731trim']
runJS0000732,monomer,"{'1': '0.1', '2': '0.7'}",,['trim'],['runJS0000732trim']
runJS0000733,monomer,"{'1': '0.1', '2': '0.75'}",,['trim'],['runJS0000733trim']
runJS0000734,monomer,"{'1': '0.1', '2': '0.8'}",,['trim'],['runJS0000734trim']
runJS0000735,monomer,"{'1': '0.1', '2': '0.85'}",,['trim'],['runJS0000735trim']
runJS0000736,monomer,"{'1': '0.1', '2': '0.9'}",,['trim'],['runJS0000736trim']
runJS0000737,monomer,"{'1': '0.15', '2': '0'}",,['trim'],['runJS0000737trim']
runJS0000738,monomer,"{'1': '0.15', '2': '0.05'}",,['trim'],['runJS0000738trim']
runJS0000739,monomer,"{'1': '0.15', '2': '0.1'}",,['trim'],['runJS0000739trim']
runJS0000740,monomer,"{'1': '0.15', '2': '0.15'}",,['trim'],['runJS0000740trim']
runJS0000741,monomer,"{'1': '0.15', '2': '0.2'}",,['trim'],['runJS0000741trim']
runJS0000742,monomer,"{'1': '0.15', '2': '0.25'}",,['trim'],['runJS0000742trim']
runJS0000743,monomer,"{'1': '0.15', '2': '0.3'}",,['trim'],['runJS0000743trim']
runJS0000744,monomer,"{'1': '0.15', '2': '0.35'}",,['trim'],['runJS0000744trim']
runJS0000745,monomer,"{'1': '0.15', '2': '0.4'}",,['trim'],['runJS0000745trim']
runJS0000746,monomer,"{'1': '0.15', '2': '0.45'}",,['trim'],['runJS0000746trim']
runJS0000747,monomer,"{'1': '0.15', '2': '0.5'}",,['trim'],['runJS0000747trim']
runJS0000748,monomer,"{'1': '0.15', '2': '0.55'}",,['trim'],['runJS0000748trim']
runJS0000749,monomer,"{'1': '0.15', '2': '0.6'}",,['trim'],['runJS0000749trim']
runJS0000750,monomer,"{'1': '0.15', '2': '0.65'}",,['trim'],['runJS0000750trim']
runJS0000751,monomer,"{'1': '0.15', '2': '0.7'}",,['trim'],['runJS0000751trim']
runJS0000752,monomer,"{'1': '0.15', '2': '0.75'}",,['trim'],['runJS0000752trim']
runJS0000753,monomer,"{'1': '0.15', '2': '0.8'}",,['trim'],['runJS0000753trim']
runJS0000754,monomer,"{'1': '0.15', '2': '0.85'}",,['trim'],['runJS0000754trim']
runJS0000755,monomer,"{'1': '0.15', '2': '0.9'}",,['trim'],['runJS0000755trim']
runJS0000756,monomer,"{'1': '0.2', '2': '0'}",,['trim'],['runJS0000756trim']
runJS0000757,monomer,"{'1': '0.2', '2': '0.05'}",,['trim'],['runJS0000757trim']
runJS0000758,monomer,"{'1': '0.2', '2': '0.1'}",,['trim'],['runJS0000758trim']
runJS0000759,monomer,"{'1': '0.2', '2': '0.15'}",,['trim'],['runJS0000759trim']
runJS0000760,monomer,"{'1': '0.2', '2': '0.2'}",,['trim'],['runJS0000760trim']
runJS0000761,monomer,"{'1': '0.2', '2': '0.25'}",,['trim'],['runJS0000761trim']
runJS0000762,monomer,"{'1': '0.2', '2': '0.3'}",,['trim'],['runJS0000762trim']
runJS0000763,monomer,"{'1': '0.2', '2': '0.35'}",,['trim'],['runJS0000763trim']
runJS0000764,monomer,"{'1': '0.2', '2': '0.4'}",,['trim'],['runJS0000764trim']
runJS0000765,monomer,"{'1': '0.2', '2': '0.45'}",,['trim'],['runJS0000765trim']
runJS0000766,monomer,"{'1': '0.2', '2': '0.5'}",,['trim'],['runJS0000766trim']
runJS0000767,monomer,"{'1': '0.2', '2': '0.55'}",,['trim'],['runJS0000767trim']
runJS0000768,monomer,"{'1': '0.2', '2': '0.6'}",,['trim'],['runJS0000768trim']
runJS0000769,monomer,"{'1': '0.2', '2': '0.65'}",,['trim'],['runJS0000769trim']
runJS0000770,monomer,"{'1': '0.2', '2': '0.7'}",,['trim'],['runJS0000770trim']
runJS0000771,monomer,"{'1': '0.2', '2': '0.75'}",,['trim'],['runJS0000771trim']
runJS0000772,monomer,"{'1': '0.2', '2': '0.8'}",,['trim'],['runJS0000772trim']
runJS0000773,monomer,"{'1': '0.2', '2': '0.85'}",,['trim'],['runJS0000773trim']
runJS0000774,monomer,"{'1': '0.2', '2': '0.9'}",,['trim'],['runJS0000774trim']
runJS0000775,monomer,"{'1': '0.25', '2': '0'}",,['trim'],['runJS0000775trim']
runJS0000776,monomer,"{'1': '0.25', '2': '0.05'}",,['trim'],['runJS0000776trim']
runJS0000777,monomer,"{'1': '0.25', '2': '0.1'}",,['trim'],['runJS0000777trim']
runJS0000778,monomer,"{'1': '0.25', '2': '0.15'}",,['trim'],['runJS0000778trim']
runJS0000779,monomer,"{'1': '0.25', '2': '0.2'}",,['trim'],['runJS0000779trim']
runJS0000780,monomer,"{'1': '0.25', '2': '0.25'}",,['trim'],['runJS0000780trim']
runJS0000781,monomer,"{'1': '0.25', '2': '0.3'}",,['trim'],['runJS0000781trim']
runJS0000782,monomer,"{'1': '0.25', '2': '0.35'}",,['trim'],['runJS0000782trim']
runJS0000783,monomer,"{'1': '0.25', '2': '0.4'}",,['trim'],['runJS0000783trim']
runJS0000784,monomer,"{'1': '0.25', '2': '0.45'}",,['trim'],['runJS0000784trim']
runJS0000785,monomer,"{'1': '0.25', '2': '0.5'}",,['trim'],['runJS0000785trim']
runJS0000786,monomer,"{'1': '0.25', '2': '0.55'}",,['trim'],['runJS0000786trim']
runJS0000787,monomer,"{'1': '0.25', '2': '0.6'}",,['trim'],['runJS0000787trim']
runJS0000788,monomer,"{'1': '0.25', '2': '0.65'}",,['trim'],['runJS0000788trim']
runJS0000789,monomer,"{'1': '0.25', '2': '0.7'}",,['trim'],['runJS0000789trim']
runJS0000790,monomer,"{'1': '0.25', '2': '0.75'}",,['trim'],['runJS0000790trim']
runJS0000791,monomer,"{'1': '0.25', '2': '0.8'}",,['trim'],['runJS0000791trim']
runJS0000792,monomer,"{'1': '0.25', '2': '0.85'}",,['trim'],['runJS0000792trim']
runJS0000793,monomer,"{'1': '0.25', '2': '0.9'}",,['trim'],['runJS0000793trim']
runJS0000794,monomer,"{'1': '0.3', '2': '0'}",,['trim'],['runJS0000794trim']
runJS0000795,monomer,"{'1': '0.3', '2': '0.05'}",,['trim'],['runJS0000795trim']
runJS0000796,monomer,"{'1': '0.3', '2': '0.1'}",,['trim'],['runJS0000796trim']
runJS0000797,monomer,"{'1': '0.3', '2': '0.15'}",,['trim'],['runJS0000797trim']
runJS0000798,monomer,"{'1': '0.3', '2': '0.2'}",,['trim'],['runJS0000798trim']
runJS0000799,monomer,"{'1': '0.3', '2': '0.25'}",,['trim'],['runJS0000799trim']
runJS0000800,monomer,"{'1': '0.3', '2': '0.3'}",,['trim'],['runJS0000800trim']
runJS0000801,monomer,"{'1': '0.3', '2': '0.35'}",,['trim'],['runJS0000801trim']
runJS0000802,monomer,"{'1': '0.3', '2': '0.4'}",,['trim'],['runJS0000802trim']
runJS0000803,monomer,"{'1': '0.3', '2': '0.45'}",,['trim'],['runJS0000803trim']
runJS0000804,monomer,"{'1': '0.3', '2': '0.5'}",,['trim'],['runJS0000804trim']
runJS0000805,monomer,"{'1': '0.3', '2': '0.55'}",,['trim'],['runJS0000805trim']
runJS0000806,monomer,"{'1': '0.3', '2': '0.6'}",,['trim'],['runJS0000806trim']
runJS0000807,monomer,"{'1': '0.3', '2': '0.65'}",,['trim'],['runJS0000807trim']
runJS0000808,monomer,"{'1': '0.3', '2': '0.7'}",,['trim'],['runJS0000808trim']
runJS0000809,monomer,"{'1': '0.3', '2': '0.75'}",,['trim'],['runJS0000809trim']
runJS0000810,monomer,"{'1': '0.3', '2': '0.8'}",,['trim'],['runJS0000810trim']
runJS0000811,monomer,"{'1': '0.3', '2': '0.85'}",,['trim'],['runJS0000811trim']
runJS0000812,monomer,"{'1': '0.3', '2': '0.9'}",,['trim'],['runJS0000812trim']
runJS0000813,monomer,"{'1': '0.35', '2': '0'}",,['trim'],['runJS0000813trim']
runJS0000814,monomer,"{'1': '0.35', '2': '0.05'}",,['trim'],['runJS0000814trim']
runJS0000815,monomer,"{'1': '0.35', '2': '0.1'}",,['trim'],['runJS0000815trim']
runJS0000816,monomer,"{'1': '0.35', '2': '0.15'}",,['trim'],['runJS0000816trim']
runJS0000817,monomer,"{'1': '0.35', '2': '0.2'}",,['trim'],['runJS0000817trim']
runJS0000818,monomer,"{'1': '0.35', '2': '0.25'}",,['trim'],['runJS0000818trim']
runJS0000819,monomer,"{'1': '0.35', '2': '0.3'}",,['trim'],['runJS0000819trim']
runJS0000820,monomer,"{'1': '0.35', '2': '0.35'}",,['trim'],['runJS0000820trim']
runJS0000821,monomer,"{'1': '0.35', '2': '0.4'}",,['trim'],['runJS0000821trim']
runJS0000822,monomer,"{'1': '0.35', '2': '0.45'}",,['trim'],['runJS0000822trim']
runJS0000823,monomer,"{'1': '0.35', '2': '0.5'}",,['trim'],['runJS0000823trim']
runJS0000824,monomer,"{'1': '0.35', '2': '0.55'}",,['trim'],['runJS0000824trim']
runJS0000825,monomer,"{'1': '0.35', '2': '0.6'}",,['trim'],['runJS0000825trim']
runJS0000826,monomer,"{'1': '0.35', '2': '0.65'}",,['trim'],['runJS0000826trim']
runJS0000827,monomer,"{'1': '0.35', '2': '0.7'}",,['trim'],['runJS0000827trim']
runJS0000828,monomer,"{'1': '0.35', '2': '0.75'}",,['trim'],['runJS0000828trim']
runJS0000829,monomer,"{'1': '0.35', '2': '0.8'}",,['trim'],['runJS0000829trim']
runJS0000830,monomer,"{'1': '0.35', '2': '0.85'}",,['trim'],['runJS0000830trim']
runJS0000831,monomer,"{'1': '0.35', '2': '0.9'}",,['trim'],['runJS0000831trim']
runJS0000832,monomer,"{'1': '0.4', '2': '0'}",,['trim'],['runJS0000832trim']
runJS0000833,monomer,"{'1': '0.4', '2': '0.05'}",,['trim'],['runJS0000833trim']
runJS0000834,monomer,"{'1': '0.4', '2': '0.1'}",,['trim'],['runJS0000834trim']
runJS0000835,monomer,"{'1': '0.4', '2': '0.15'}",,['trim'],['runJS0000835trim']
runJS0000836,monomer,"{'1': '0.4', '2': '0.2'}",,['trim'],['runJS0000836trim']
runJS0000837,monomer,"{'1': '0.4', '2': '0.25'}",,['trim'],['runJS0000837trim']
runJS0000838,monomer,"{'1': '0.4', '2': '0.3'}",,['trim'],['runJS0000838trim']
runJS0000839,monomer,"{'1': '0.4', '2': '0.35'}",,['trim'],['runJS0000839trim']
runJS0000840,monomer,"{'1': '0.4', '2': '0.4'}",,['trim'],['runJS0000840trim']
runJS0000841,monomer,"{'1': '0.4', '2': '0.45'}",,['trim'],['runJS0000841trim']
runJS0000842,monomer,"{'1': '0.4', '2': '0.5'}",,['trim'],['runJS0000842trim']
runJS0000843,monomer,"{'1': '0.4', '2': '0.55'}",,['trim'],['runJS0000843trim']
runJS0000844,monomer,"{'1': '0.4', '2': '0.6'}",,['trim'],['runJS0000844trim']
runJS0000845,monomer,"{'1': '0.4', '2': '0.65'}",,['trim'],['runJS0000845trim']
runJS0000846,monomer,"{'1': '0.4', '2': '0.7'}",,['trim'],['runJS0000846trim']
runJS0000847,monomer,"{'1': '0.4', '2': '0.75'}",,['trim'],['runJS0000847trim']
runJS0000848,monomer,"{'1': '0.4', '2': '0.8'}",,['trim'],['runJS0000848trim']
runJS0000849,monomer,"{'1': '0.4', '2': '0.85'}",,['trim'],['runJS0000849trim']
runJS0000850,monomer,"{'1': '0.4', '2': '0.9'}",,['trim'],['runJS0000850trim']
runJS0000851,monomer,"{'1': '0.45', '2': '0'}",,['trim'],['runJS0000851trim']
runJS0000852,monomer,"{'1': '0.45', '2': '0.05'}",,['trim'],['runJS0000852trim']
runJS0000853,monomer,"{'1': '0.45', '2': '0.1'}",,['trim'],['runJS0000853trim']
runJS0000854,monomer,"{'1': '0.45', '2': '0.15'}",,['trim'],['runJS0000854trim']
runJS0000855,monomer,"{'1': '0.45', '2': '0.2'}",,['trim'],['runJS0000855trim']
runJS0000856,monomer,"{'1': '0.45', '2': '0.25'}",,['trim'],['runJS0000856trim']
runJS0000857,monomer,"{'1': '0.45', '2': '0.3'}",,['trim'],['runJS0000857trim']
runJS0000858,monomer,"{'1': '0.45', '2': '0.35'}",,['trim'],['runJS0000858trim']
runJS0000859,monomer,"{'1': '0.45', '2': '0.4'}",,['trim'],['runJS0000859trim']
runJS0000860,monomer,"{'1': '0.45', '2': '0.45'}",,['trim'],['runJS0000860trim']
runJS0000861,monomer,"{'1': '0.45', '2': '0.5'}",,['trim'],['runJS0000861trim']
runJS0000862,monomer,"{'1': '0.45', '2': '0.55'}",,['trim'],['runJS0000862trim']
runJS0000863,monomer,"{'1': '0.45', '2': '0.6'}",,['trim'],['runJS0000863trim']
runJS0000864,monomer,"{'1': '0.45', '2': '0.65'}",,['trim'],['runJS0000864trim']
runJS0000865,monomer,"{'1': '0.45', '2': '0.7'}",,['trim'],['runJS0000865trim']
runJS0000866,monomer,"{'1': '0.45', '2': '0.75'}",,['trim'],['runJS0000866trim']
runJS0000867,monomer,"{'1': '0.45', '2': '0.8'}",,['trim'],['runJS0000867trim']
runJS0000868,monomer,"{'1': '0.45', '2': '0.85'}",,['trim'],['runJS0000868trim']
runJS0000869,monomer,"{'1': '0.45', '2': '0.9'}",,['trim'],['runJS0000869trim']
runJS0000870,monomer,"{'1': '0.5', '2': '0'}",,['trim'],['runJS0000870trim']
runJS0000871,monomer,"{'1': '0.5', '2': '0.05'}",,['trim'],['runJS0000871trim']
runJS0000872,monomer,"{'1': '0.5', '2': '0.1'}",,['trim'],['runJS0000872trim']
runJS0000873,monomer,"{'1': '0.5', '2': '0.15'}",,['trim'],['runJS0000873trim']
runJS0000874,monomer,"{'1': '0.5', '2': '0.2'}",,['trim'],['runJS0000874trim']
runJS0000875,monomer,"{'1': '0.5', '2': '0.25'}",,['trim'],['runJS0000875trim']
runJS0000876,monomer,"{'1': '0.5', '2': '0.3'}",,['trim'],['runJS0000876trim']
runJS0000877,monomer,"{'1': '0.5', '2': '0.35'}",,['trim'],['runJS0000877trim']
runJS0000878,monomer,"{'1': '0.5', '2': '0.4'}",,['trim'],['runJS0000878trim']
runJS0000879,monomer,"{'1': '0.5', '2': '0.45'}",,['trim'],['runJS0000879trim']
runJS0000880,monomer,"{'1': '0.5', '2': '0.5'}",,['trim'],['runJS0000880trim']
runJS0000881,monomer,"{'1': '0.5', '2': '0.55'}",,['trim'],['runJS0000881trim']
runJS0000882,monomer,"{'1': '0.5', '2': '0.6'}",,['trim'],['runJS0000882trim']
runJS0000883,monomer,"{'1': '0.5', '2': '0.65'}",,['trim'],['runJS0000883trim']
runJS0000884,monomer,"{'1': '0.5', '2': '0.7'}",,['trim'],['runJS0000884trim']
runJS0000885,monomer,"{'1': '0.5', '2': '0.75'}",,['trim'],['runJS0000885trim']
runJS0000886,monomer,"{'1': '0.5', '2': '0.8'}",,['trim'],['runJS0000886trim']
runJS0000887,monomer,"{'1': '0.5', '2': '0.85'}",,['trim'],['runJS0000887trim']
runJS0000888,monomer,"{'1': '0.5', '2': '0.9'}",,['trim'],['runJS0000888trim']
runJS0000889,monomer,"{'1': '0.55', '2': '0'}",,['trim'],['runJS0000889trim']
runJS0000890,monomer,"{'1': '0.55', '2': '0.05'}",,['trim'],['runJS0000890trim']
runJS0000891,monomer,"{'1': '0.55', '2': '0.1'}",,['trim'],['runJS0000891trim']
runJS0000892,monomer,"{'1': '0.55', '2': '0.15'}",,['trim'],['runJS0000892trim']
runJS0000893,monomer,"{'1': '0.55', '2': '0.2'}",,['trim'],['runJS0000893trim']
runJS0000894,monomer,"{'1': '0.55', '2': '0.25'}",,['trim'],['runJS0000894trim']
runJS0000895,monomer,"{'1': '0.55', '2': '0.3'}",,['trim'],['runJS0000895trim']
runJS0000896,monomer,"{'1': '0.55', '2': '0.35'}",,['trim'],['runJS0000896trim']
runJS0000897,monomer,"{'1': '0.55', '2': '0.4'}",,['trim'],['runJS0000897trim']
runJS0000898,monomer,"{'1': '0.55', '2': '0.45'}",,['trim'],['runJS0000898trim']
runJS0000899,monomer,"{'1': '0.55', '2': '0.5'}",,['trim'],['runJS0000899trim']
runJS0000900,monomer,"{'1': '0.55', '2': '0.55'}",,['trim'],['runJS0000900trim']
runJS0000901,monomer,"{'1': '0.55', '2': '0.6'}",,['trim'],['runJS0000901trim']
runJS0000902,monomer,"{'1': '0.55', '2': '0.65'}",,['trim'],['runJS0000902trim']
runJS0000903,monomer,"{'1': '0.55', '2': '0.7'}",,['trim'],['runJS0000903trim']
runJS0000904,monomer,"{'1': '0.55', '2': '0.75'}",,['trim'],['runJS0000904trim']
runJS0000905,monomer,"{'1': '0.55', '2': '0.8'}",,['trim'],['runJS0000905trim']
runJS0000906,monomer,"{'1': '0.55', '2': '0.85'}",,['trim'],['runJS0000906trim']
runJS0000907,monomer,"{'1': '0.55', '2': '0.9'}",,['trim'],['runJS0000907trim']
runJS0000908,monomer,"{'1': '0.6', '2': '0'}",,['trim'],['runJS0000908trim']
runJS0000909,monomer,"{'1': '0.6', '2': '0.05'}",,['trim'],['runJS0000909trim']
runJS0000910,monomer,"{'1': '0.6', '2': '0.1'}",,['trim'],['runJS0000910trim']
runJS0000911,monomer,"{'1': '0.6', '2': '0.15'}",,['trim'],['runJS0000911trim']
runJS0000912,monomer,"{'1': '0.6', '2': '0.2'}",,['trim'],['runJS0000912trim']
runJS0000913,monomer,"{'1': '0.6', '2': '0.25'}",,['trim'],['runJS0000913trim']
runJS0000914,monomer,"{'1': '0.6', '2': '0.3'}",,['trim'],['runJS0000914trim']
runJS0000915,monomer,"{'1': '0.6', '2': '0.35'}",,['trim'],['runJS0000915trim']
runJS0000916,monomer,"{'1': '0.6', '2': '0.4'}",,['trim'],['runJS0000916trim']
runJS0000917,monomer,"{'1': '0.6', '2': '0.45'}",,['trim'],['runJS0000917trim']
runJS0000918,monomer,"{'1': '0.6', '2': '0.5'}",,['trim'],['runJS0000918trim']
runJS0000919,monomer,"{'1': '0.6', '2': '0.55'}",,['trim'],['runJS0000919trim']
runJS0000920,monomer,"{'1': '0.6', '2': '0.6'}",,['trim'],['runJS0000920trim']
runJS0000921,monomer,"{'1': '0.6', '2': '0.65'}",,['trim'],['runJS0000921trim']
runJS0000922,monomer,"{'1': '0.6', '2': '0.7'}",,['trim'],['runJS0000922trim']
runJS0000923,monomer,"{'1': '0.6', '2': '0.75'}",,['trim'],['runJS0000923trim']
runJS0000924,monomer,"{'1': '0.6', '2': '0.8'}",,['trim'],['runJS0000924trim']
runJS0000925,monomer,"{'1': '0.6', '2': '0.85'}",,['trim'],['runJS0000925trim']
runJS0000926,monomer,"{'1': '0.6', '2': '0.9'}",,['trim'],['runJS0000926trim']
runJS0000927,monomer,"{'1': '0.65', '2': '0'}",,['trim'],['runJS0000927trim']
runJS0000928,monomer,"{'1': '0.65', '2': '0.05'}",,['trim'],['runJS0000928trim']
runJS0000929,monomer,"{'1': '0.65', '2': '0.1'}",,['trim'],['runJS0000929trim']
runJS0000930,monomer,"{'1': '0.65', '2': '0.15'}",,['trim'],['runJS0000930trim']
runJS0000931,monomer,"{'1': '0.65', '2': '0.2'}",,['trim'],['runJS0000931trim']
runJS0000932,monomer,"{'1': '0.65', '2': '0.25'}",,['trim'],['runJS0000932trim']
runJS0000933,monomer,"{'1': '0.65', '2': '0.3'}",,['trim'],['runJS0000933trim']
runJS0000934,monomer,"{'1': '0.65', '2': '0.35'}",,['trim'],['runJS0000934trim']
runJS0000935,monomer,"{'1': '0.65', '2': '0.4'}",,['trim'],['runJS0000935trim']
runJS0000936,monomer,"{'1': '0.65', '2': '0.45'}",,['trim'],['runJS0000936trim']
runJS0000937,monomer,"{'1': '0.65', '2': '0.5'}",,['trim'],['runJS0000937trim']
runJS0000938,monomer,"{'1': '0.65', '2': '0.55'}",,['trim'],['runJS0000938trim']
runJS0000939,monomer,"{'1': '0.65', '2': '0.6'}",,['trim'],['runJS0000939trim']
runJS0000940,monomer,"{'1': '0.65', '2': '0.65'}",,['trim'],['runJS0000940trim']
runJS0000941,monomer,"{'1': '0.65', '2': '0.7'}",,['trim'],['runJS0000941trim']
runJS0000942,monomer,"{'1': '0.65', '2': '0.75'}",,['trim'],['runJS0000942trim']
runJS0000943,monomer,"{'1': '0.65', '2': '0.8'}",,['trim'],['runJS0000943trim']
runJS0000944,monomer,"{'1': '0.65', '2': '0.85'}",,['trim'],['runJS0000944trim']
runJS0000945,monomer,"{'1': '0.65', '2': '0.9'}",,['trim'],['runJS0000945trim']
runJS0000946,monomer,"{'1': '0.7', '2': '0'}",,['trim'],['runJS0000946trim']
runJS0000947,monomer,"{'1': '0.7', '2': '0.05'}",,['trim'],['runJS0000947trim']
runJS0000948,monomer,"{'1': '0.7', '2': '0.1'}",,['trim'],['runJS0000948trim']
runJS0000949,monomer,"{'1': '0.7', '2': '0.15'}",,['trim'],['runJS0000949trim']
runJS0000950,monomer,"{'1': '0.7', '2': '0.2'}",,['trim'],['runJS0000950trim']
runJS0000951,monomer,"{'1': '0.7', '2': '0.25'}",,['trim'],['runJS0000951trim']
runJS0000952,monomer,"{'1': '0.7', '2': '0.3'}",,['trim'],['runJS0000952trim']
runJS0000953,monomer,"{'1': '0.7', '2': '0.35'}",,['trim'],['runJS0000953trim']
runJS0000954,monomer,"{'1': '0.7', '2': '0.4'}",,['trim'],['runJS0000954trim']
runJS0000955,monomer,"{'1': '0.7', '2': '0.45'}",,['trim'],['runJS0000955trim']
runJS0000956,monomer,"{'1': '0.7', '2': '0.5'}",,['trim'],['runJS0000956trim']
runJS0000957,monomer,"{'1': '0.7', '2': '0.55'}",,['trim'],['runJS0000957trim']
runJS0000958,monomer,"{'1': '0.7', '2': '0.6'}",,['trim'],['runJS0000958trim']
runJS0000959,monomer,"{'1': '0.7', '2': '0.65'}",,['trim'],['runJS0000959trim']
runJS0000960,monomer,"{'1': '0.7', '2': '0.7'}",,['trim'],['runJS0000960trim']
runJS0000961,monomer,"{'1': '0.7', '2': '0.75'}",,['trim'],['runJS0000961trim']
runJS0000962,monomer,"{'1': '0.7', '2': '0.8'}",,['trim'],['runJS0000962trim']
runJS0000963,monomer,"{'1': '0.7', '2': '0.85'}",,['trim'],['runJS0000963trim']
runJS0000964,monomer,"{'1': '0.7', '2': '0.9'}",,['trim'],['runJS0000964trim']
runJS0000965,monomer,"{'1': '0.75', '2': '0'}",,['trim'],['runJS0000965trim']
runJS0000966,monomer,"{'1': '0.75', '2': '0.05'}",,['trim'],['runJS0000966trim']
runJS0000967,monomer,"{'1': '0.75', '2': '0.1'}",,['trim'],['runJS0000967trim']
runJS0000968,monomer,"{'1': '0.75', '2': '0.15'}",,['trim'],['runJS0000968trim']
runJS0000969,monomer,"{'1': '0.75', '2': '0.2'}",,['trim'],['runJS0000969trim']
runJS0000970,monomer,"{'1': '0.75', '2': '0.25'}",,['trim'],['runJS0000970trim']
runJS0000971,monomer,"{'1': '0.75', '2': '0.3'}",,['trim'],['runJS0000971trim']
runJS0000972,monomer,"{'1': '0.75', '2': '0.35'}",,['trim'],['runJS0000972trim']
runJS0000973,monomer,"{'1': '0.75', '2': '0.4'}",,['trim'],['runJS0000973trim']
runJS0000974,monomer,"{'1': '0.75', '2': '0.45'}",,['trim'],['runJS0000974trim']
runJS0000975,monomer,"{'1': '0.75', '2': '0.5'}",,['trim'],['runJS0000975trim']
runJS0000976,monomer,"{'1': '0.75', '2': '0.55'}",,['trim'],['runJS0000976trim']
runJS0000977,monomer,"{'1': '0.75', '2': '0.6'}",,['trim'],['runJS0000977trim']
runJS0000978,monomer,"{'1': '0.75', '2': '0.65'}",,['trim'],['runJS0000978trim']
runJS0000979,monomer,"{'1': '0.75', '2': '0.7'}",,['trim'],['runJS0000979trim']
runJS0000980,monomer,"{'1': '0.75', '2': '0.75'}",,['trim'],['runJS0000980trim']
runJS0000981,monomer,"{'1': '0.75', '2': '0.8'}",,['trim'],['runJS0000981trim']
runJS0000982,monomer,"{'1': '0.75', '2': '0.85'}",,['trim'],['runJS0000982trim']
runJS0000983,monomer,"{'1': '0.75', '2': '0.9'}",,['trim'],['runJS0000983trim']
runJS0000984,monomer,"{'1': '0.8', '2': '0'}",,['trim'],['runJS0000984trim']
runJS0000985,monomer,"{'1': '0.8', '2': '0.05'}",,['trim'],['runJS0000985trim']
runJS0000986,monomer,"{'1': '0.8', '2': '0.1'}",,['trim'],['runJS0000986trim']
runJS0000987,monomer,"{'1': '0.8', '2': '0.15'}",,['trim'],['runJS0000987trim']
runJS0000988,monomer,"{'1': '0.8', '2': '0.2'}",,['trim'],['runJS0000988trim']
runJS0000989,monomer,"{'1': '0.8', '2': '0.25'}",,['trim'],['runJS0000989trim']
runJS0000990,monomer,"{'1': '0.8', '2': '0.3'}",,['trim'],['runJS0000990trim']
runJS0000991,monomer,"{'1': '0.8', '2': '0.35'}",,['trim'],['runJS0000991trim']
runJS0000992,monomer,"{'1': '0.8', '2': '0.4'}",,['trim'],['runJS0000992trim']
runJS0000993,monomer,"{'1': '0.8', '2': '0.45'}",,['trim'],['runJS0000993trim']
runJS0000994,monomer,"{'1': '0.8', '2': '0.5'}",,['trim'],['runJS0000994trim']
runJS0000995,monomer,"{'1': '0.8', '2': '0.55'}",,['trim'],['runJS0000995trim']
runJS0000996,monomer,"{'1': '0.8', '2': '0.6'}",,['trim'],['runJS0000996trim']
runJS0000997,monomer,"{'1': '0.8', '2': '0.65'}",,['trim'],['runJS0000997trim']
runJS0000998,monomer,"{'1': '0.8', '2': '0.7'}",,['trim'],['runJS0000998trim']
runJS0000999,monomer,"{'1': '0.8', '2': '0.75'}",,['trim'],['runJS0000999trim']
runJS0001000,monomer,"{'1': '0.8', '2': '0.8'}",,['trim'],['runJS0001000trim']
runJS0001001,monomer,"{'1': '0.8', '2': '0.85'}",,['trim'],['runJS0001001trim']
runJS0001002,monomer,"{'1': '0.8', '2': '0.9'}",,['trim'],['runJS0001002trim']
runJS0001003,monomer,"{'1': '0.85', '2': '0'}",,['trim'],['runJS0001003trim']
runJS0001004,monomer,"{'1': '0.85', '2': '0.05'}",,['trim'],['runJS0001004trim']
runJS0001005,monomer,"{'1': '0.85', '2': '0.1'}",,['trim'],['runJS0001005trim']
runJS0001006,monomer,"{'1': '0.85', '2': '0.15'}",,['trim'],['runJS0001006trim']
runJS0001007,monomer,"{'1': '0.85', '2': '0.2'}",,['trim'],['runJS0001007trim']
runJS0001008,monomer,"{'1': '0.85', '2': '0.25'}",,['trim'],['runJS0001008trim']
runJS0001009,monomer,"{'1': '0.85', '2': '0.3'}",,['trim'],['runJS0001009trim']
runJS0001010,monomer,"{'1': '0.85', '2': '0.35'}",,['trim'],['runJS0001010trim']
runJS0001011,monomer,"{'1': '0.85', '2': '0.4'}",,['trim'],['runJS0001011trim']
runJS0001012,monomer,"{'1': '0.85', '2': '0.45'}",,['trim'],['runJS0001012trim']
runJS0001013,monomer,"{'1': '0.85', '2': '0.5'}",,['trim'],['runJS0001013trim']
runJS0001014,monomer,"{'1': '0.85', '2': '0.55'}",,['trim'],['runJS0001014trim']
runJS0001015,monomer,"{'1': '0.85', '2': '0.6'}",,['trim'],['runJS0001015trim']
runJS0001016,monomer,"{'1': '0.85', '2': '0.65'}",,['trim'],['runJS0001016trim']
runJS0001017,monomer,"{'1': '0.85', '2': '0.7'}",,['trim'],['runJS0001017trim']
runJS0001018,monomer,"{'1': '0.85', '2': '0.75'}",,['trim'],['runJS0001018trim']
runJS0001019,monomer,"{'1': '0.85', '2': '0.8'}",,['trim'],['runJS0001019trim']
runJS0001020,monomer,"{'1': '0.85', '2': '0.85'}",,['trim'],['runJS0001020trim']
runJS0001021,monomer,"{'1': '0.85', '2': '0.9'}",,['trim'],['runJS0001021trim']
runJS0001022,monomer,"{'1': '0.9', '2': '0'}",,['trim'],['runJS0001022trim']
runJS0001023,monomer,"{'1': '0.9', '2': '0.05'}",,['trim'],['runJS0001023trim']
runJS0001024,monomer,"{'1': '0.9', '2': '0.1'}",,['trim'],['runJS0001024trim']
runJS0001025,monomer,"{'1': '0.9', '2': '0.15'}",,['trim'],['runJS0001025trim']
runJS0001026,monomer,"{'1': '0.9', '2': '0.2'}",,['trim'],['runJS0001026trim']
runJS0001027,monomer,"{'1': '0.9', '2': '0.25'}",,['trim'],['runJS0001027trim']
runJS0001028,monomer,"{'1': '0.9', '2': '0.3'}",,['trim'],['runJS0001028trim']
runJS0001029,monomer,"{'1': '0.9', '2': '0.35'}",,['trim'],['runJS0001029trim']
runJS0001030,monomer,"{'1': '0.9', '2': '0.4'}",,['trim'],['runJS0001030trim']
runJS0001031,monomer,"{'1': '0.9', '2': '0.45'}",,['trim'],['runJS0001031trim']
runJS0001032,monomer,"{'1': '0.9', '2': '0.5'}",,['trim'],['runJS0001032trim']
runJS0001033,monomer,"{'1': '0.9', '2': '0.55'}",,['trim'],['runJS0001033trim']
runJS0001034,monomer,"{'1': '0.9', '2': '0.6'}",,['trim'],['runJS0001034trim']
runJS0001035,monomer,"{'1': '0.9', '2': '0.65'}",,['trim'],['runJS0001035trim']
runJS0001036,monomer,"{'1': '0.9', '2': '0.7'}",,['trim'],['runJS0001036trim']
runJS0001037,monomer,"{'1': '0.9', '2': '0.75'}",,['trim'],['runJS0001037trim']
runJS0001038,monomer,"{'1': '0.9', '2': '0.8'}",,['trim'],['runJS0001038trim']
runJS0001039,monomer,"{'1': '0.9', '2': '0.85'}",,['trim'],['runJS0001039trim']
runJS0001040,monomer,"{'1': '0.9', '2': '0.9'}",,['trim'],['runJS0001040trim']
